file,release_date,effective_date,action,symbol,name
ind_prs04022011.pdf,2011-02-04,2011-02-08,INCLUDE,RELMEDIA,Reliance MediaWorks Ltd.
ind_prs17032011.pdf,2011-03-17,2011-03-24,EXCLUDE,NIRMA,Nirma Ltd.
ind_prs17032011.pdf,2011-03-17,2011-03-24,INCLUDE,ORBITCORP,Orbit Corporation Ltd.
ind_prs23032011.pdf,2011-03-23,2011-03-25,EXCLUDE,VTL,Vardhman Textiles Limited
ind_prs23032011.pdf,2011-03-23,2011-03-25,INCLUDE,GODREJPROP,Godrej Properties Limited
ind_prs06042011.pdf,2011-04-06,2011-04-11,EXCLUDE,ALEMBICLTD,Alembic Limited
ind_prs06042011.pdf,2011-04-06,2011-04-11,INCLUDE,COALINDIA,Coal India Limited
ind_prs19042011.pdf,2011-04-19,2011-04-21,EXCLUDE,IBREALEST,Indiabulls Real Estate Limited
ind_prs19042011.pdf,2011-04-19,2011-04-21,INCLUDE,OBEROIRLTY,Oberoi Realty Limited
ind_prs12052011.pdf,2011-05-12,2011-05-18,EXCLUDE,ESSARSHIP,Essar Shipping Ports & Logistics Limited
ind_prs12052011.pdf,2011-05-12,2011-05-18,INCLUDE,ARSSINFRA,ARSS Infrastructure Projects Limited
ind_prs16062011.pdf,2011-06-16,2011-06-21,EXCLUDE,TV-18,Television Eighteen India Limited
ind_prs16062011.pdf,2011-06-16,2011-06-21,INCLUDE,IBREALEST,Indiabulls Real Estate Limited
ind_prs19082011.pdf,2011-08-19,2011-08-29,EXCLUDE,NAGARFERT,Nagarjuna Fertilizers & Chemicals Ltd.
ind_prs19082011.pdf,2011-08-19,2011-08-29,INCLUDE,DISHTV,Dish TV India Ltd.
ind_prs17112011.pdf,2011-11-17,2011-11-22,EXCLUDE,JINDALSAW,Jindal Saw Limited
ind_prs17112011.pdf,2011-11-17,2011-11-22,INCLUDE,FUTUREVENT,Future Ventures India Limited
ind_prs12122011.pdf,2011-12-12,2011-12-14,EXCLUDE,AREVAT&D,Areva T&D India Limited
ind_prs12122011.pdf,2011-12-12,2011-12-14,INCLUDE,MVL,MVL Limited
ind_prs29022012.pdf,2012-02-29,2012-03-09,EXCLUDE,CAROLINFO,Carol Info Services Limited
ind_prs29022012.pdf,2012-02-29,2012-03-09,EXCLUDE,UTVSOF,UTV Software Communications Limited
ind_prs29022012.pdf,2012-02-29,2012-03-09,INCLUDE,IBREALEST,Indiabulls Real Estate Limited
ind_prs29022012.pdf,2012-02-29,2012-03-09,INCLUDE,L&TFH,L&T Finance Holdings Limited
ind_prs18012013.pdf,2013-01-18,2013-01-23,EXCLUDE,DCHL,Deccan Chronicle Holdings Limited
ind_prs18012013.pdf,2013-01-18,2013-01-23,INCLUDE,MOIL,MOIL Ltd.
ind_prs15032013.pdf,2013-03-15,2013-03-19,EXCLUDE,INDIABULLS,Indiabulls Financial Services Limited
ind_prs15032013.pdf,2013-03-15,2013-03-19,INCLUDE,PVR,PVR Limited
ind_prs18112014.pdf,2014-11-18,2014-11-28,EXCLUDE,RANBAXY,Ranbaxy Laboratories Ltd.
ind_prs18112014.pdf,2014-11-18,2014-11-28,INCLUDE,TI,Tilaknagar Industries Ltd.
ind_prs21012015.pdf,2015-01-21,2015-02-02,EXCLUDE,GUJRATGAS,Gujarat Gas Co. Ltd.
ind_prs21012015.pdf,2015-01-21,2015-02-02,EXCLUDE,INGVYSYABK,ING Vysya Bank Ltd.
ind_prs21012015.pdf,2015-01-21,2015-02-02,INCLUDE,DYNAMATECH,Dynamatic Technologies Ltd.
ind_prs21012015.pdf,2015-01-21,2015-02-02,INCLUDE,MBLINFRA,MBL Infrastructures Ltd.
ind_prs23012015.pdf,2015-01-23,2015-02-23,EXCLUDE,ARVIND,Arvind Ltd.
ind_prs23012015.pdf,2015-01-23,2015-02-23,INCLUDE,LAOPALA,La Opala RG Ltd.
ind_prs12082015.pdf,2015-08-12,2015-09-28,EXCLUDE,ANSALAPI,Ansal Properties & Infrastructure Ltd.
ind_prs12082015.pdf,2015-08-12,2015-09-28,EXCLUDE,BGRENERGY,BGR Energy Systems Ltd
ind_prs12082015.pdf,2015-08-12,2015-09-28,EXCLUDE,GAMMONIND,Gammon India Ltd.
ind_prs12082015.pdf,2015-08-12,2015-09-28,EXCLUDE,GUJNRECOKE,Gujarat NRE Coke Ltd.
ind_prs12082015.pdf,2015-08-12,2015-09-28,EXCLUDE,HINDOILEXP,Hindustan Oil Exploration Co. Ltd.
ind_prs12082015.pdf,2015-08-12,2015-09-28,EXCLUDE,HOTELEELA,Hotel Leela Venture Ltd.
ind_prs12082015.pdf,2015-08-12,2015-09-28,EXCLUDE,IFBIND,IFB Industries Ltd.
ind_prs12082015.pdf,2015-08-12,2015-09-28,EXCLUDE,KESORAMIND,Kesoram Industries Ltd.
ind_prs12082015.pdf,2015-08-12,2015-09-28,EXCLUDE,MANGCHEFER,Mangalore Chemicals & Fertilizers Ltd.
ind_prs12082015.pdf,2015-08-12,2015-09-28,EXCLUDE,MONNETISPA,Monnet Ispat and Energy Ltd.
ind_prs12082015.pdf,2015-08-12,2015-09-28,EXCLUDE,ORCHIDCHEM,Orchid Chemicals & Pharmaceuticals Ltd.
ind_prs12082015.pdf,2015-08-12,2015-09-28,EXCLUDE,RAMCOIND,Ramco Industries Ltd.
ind_prs12082015.pdf,2015-08-12,2015-09-28,EXCLUDE,RASOYPR,Rasoya Proteins Ltd.
ind_prs12082015.pdf,2015-08-12,2015-09-28,EXCLUDE,RTNPOWER,RattanIndia Power Ltd.
ind_prs12082015.pdf,2015-08-12,2015-09-28,INCLUDE,ADANIPOWER,Adani Power Ltd.
ind_prs12082015.pdf,2015-08-12,2015-09-28,INCLUDE,BALKRISIND,Balkrishna Industries Ltd.
ind_prs12082015.pdf,2015-08-12,2015-09-28,INCLUDE,CAMLINFINE,Camlin Fine Sciences Ltd.
ind_prs12082015.pdf,2015-08-12,2015-09-28,INCLUDE,FLFL,Future Lifestyle Fashions Ltd.
ind_prs12082015.pdf,2015-08-12,2015-09-28,INCLUDE,IL&FSENGG,IL&FS Engineering and Construction Co. Ltd.
ind_prs12082015.pdf,2015-08-12,2015-09-28,INCLUDE,INOXWIND,Inox Wind Ltd.
ind_prs12082015.pdf,2015-08-12,2015-09-28,INCLUDE,KRBL,KRBL Ltd.
ind_prs12082015.pdf,2015-08-12,2015-09-28,INCLUDE,METALFORGE,Metalyst Forgings Ltd.
ind_prs12082015.pdf,2015-08-12,2015-09-28,INCLUDE,ORIENTCEM,Orient Cement Ltd.
ind_prs12082015.pdf,2015-08-12,2015-09-28,INCLUDE,RICOAUTO,Rico Auto Industries Ltd.
ind_prs12082015.pdf,2015-08-12,2015-09-28,INCLUDE,SITICABLE,Siti Cable Network Ltd.
ind_prs12082015.pdf,2015-08-12,2015-09-28,INCLUDE,SRIPIPES,Srikalahasthi Pipes Ltd.
ind_prs12082015.pdf,2015-08-12,2015-09-28,INCLUDE,SYMPHONY,Symphony Ltd.
ind_prs12082015.pdf,2015-08-12,2015-09-28,INCLUDE,VRLLOG,VRL Logistics Ltd.
ind_prs24082015.pdf,2015-08-24,2015-09-28,EXCLUDE,CROMPGREAV,Crompton Greaves Ltd.
ind_prs24082015.pdf,2015-08-24,2015-09-28,EXCLUDE,MAX,Max India Ltd.
ind_prs24082015.pdf,2015-08-24,2015-09-28,INCLUDE,ADLABS,Adlabs Entertainment Ltd.
ind_prs24082015.pdf,2015-08-24,2015-09-28,INCLUDE,EVEREADY,Eveready Industries India Ltd.
ind_prs18092015.pdf,2015-09-18,2015-10-19,EXCLUDE,ABIRLANUVO,Aditya Birla Nuvo Ltd.
ind_prs18092015.pdf,2015-09-18,2015-10-19,INCLUDE,PNCINFRA,PNC Infratech Ltd.
ind_prs07122015.pdf,2015-12-07,2015-12-14,EXCLUDE,FRL,Future Retail Ltd.
ind_prs07122015.pdf,2015-12-07,2015-12-14,EXCLUDE,MANDHANA,Mandhana Industries Ltd.
ind_prs07122015.pdf,2015-12-07,2015-12-14,INCLUDE,ARVIND,Arvind Ltd.
ind_prs07122015.pdf,2015-12-07,2015-12-14,INCLUDE,GAYAPROJ,Gayatri Projects Ltd.
ind_prs11012016.pdf,2016-01-11,2016-01-18,EXCLUDE,STRTECH,Sterlite Technologies Ltd.
ind_prs11012016.pdf,2016-01-11,2016-01-18,INCLUDE,SCHNEIDER,Schneider Electric Infrastructure Ltd.
ind_prs22022016_2.pdf,2016-02-22,2016-04-01,EXCLUDE,ADLABS,Adlabs Entertainment Ltd.
ind_prs22022016_2.pdf,2016-02-22,2016-04-01,EXCLUDE,ASAHIINDIA,Asahi India Glass Ltd.
ind_prs22022016_2.pdf,2016-02-22,2016-04-01,EXCLUDE,ATFL,Agro Tech Foods Ltd.
ind_prs22022016_2.pdf,2016-02-22,2016-04-01,EXCLUDE,AUTOAXLES,Automotive Axles Ltd.
ind_prs22022016_2.pdf,2016-02-22,2016-04-01,EXCLUDE,BINDALAGRO,Oswal Chemicals & Fertilizers Ltd.
ind_prs22022016_2.pdf,2016-02-22,2016-04-01,EXCLUDE,CAMLINFINE,Camlin Fine Sciences Ltd.
ind_prs22022016_2.pdf,2016-02-22,2016-04-01,EXCLUDE,CARBORUNIV,Carborundum Universal Ltd.
ind_prs22022016_2.pdf,2016-02-22,2016-04-01,EXCLUDE,CENTENKA,Century Enka Ltd.
ind_prs22022016_2.pdf,2016-02-22,2016-04-01,EXCLUDE,DHANBANK,Dhanlaxmi Bank Ltd.
ind_prs22022016_2.pdf,2016-02-22,2016-04-01,EXCLUDE,ENIL,Entertainment Network India Ltd.
ind_prs22022016_2.pdf,2016-02-22,2016-04-01,EXCLUDE,ESABINDIA,ESAB India Ltd.
ind_prs22022016_2.pdf,2016-02-22,2016-04-01,EXCLUDE,FLEXITUFF,Flexituff International Ltd.
ind_prs22022016_2.pdf,2016-02-22,2016-04-01,EXCLUDE,FMGOETZE,Federal-Mogul Goetze (India) Ltd.
ind_prs22022016_2.pdf,2016-02-22,2016-04-01,EXCLUDE,GABRIEL,Gabriel India Ltd.
ind_prs22022016_2.pdf,2016-02-22,2016-04-01,EXCLUDE,GAMMNINFRA,Gammon Infrastructure Projects Ltd.
ind_prs22022016_2.pdf,2016-02-22,2016-04-01,EXCLUDE,GEOJITBNPP,Geojit BNP Paribas Financial Services Ltd.
ind_prs22022016_2.pdf,2016-02-22,2016-04-01,EXCLUDE,GEOMETRIC,Geometric Ltd.
ind_prs22022016_2.pdf,2016-02-22,2016-04-01,EXCLUDE,GHCL,GHCL Ltd.
ind_prs22022016_2.pdf,2016-02-22,2016-04-01,EXCLUDE,GIPCL,Gujarat Industries Power Co. Ltd.
ind_prs22022016_2.pdf,2016-02-22,2016-04-01,EXCLUDE,GITANJALI,Gitanjali Gems Ltd.
ind_prs22022016_2.pdf,2016-02-22,2016-04-01,EXCLUDE,GRAPHITE,Graphite India Ltd.
ind_prs22022016_2.pdf,2016-02-22,2016-04-01,EXCLUDE,GTLINFRA,GTL Infrastructure Ltd.
ind_prs22022016_2.pdf,2016-02-22,2016-04-01,EXCLUDE,GUJALKALI,Gujarat Alkalies & Chemicals Ltd.
ind_prs22022016_2.pdf,2016-02-22,2016-04-01,EXCLUDE,GULFOILLUB,Gulf Oil Lubricants India Ltd.
ind_prs22022016_2.pdf,2016-02-22,2016-04-01,EXCLUDE,HEG,H.E.G. Ltd.
ind_prs22022016_2.pdf,2016-02-22,2016-04-01,EXCLUDE,HERITGFOOD,Heritage Foods Ltd.
ind_prs22022016_2.pdf,2016-02-22,2016-04-01,EXCLUDE,IBVENTURES,Indiabulls Ventures Ltd.
ind_prs22022016_2.pdf,2016-02-22,2016-04-01,EXCLUDE,IL&FSENGG,IL&FS Engineering and Construction Company Ltd.
ind_prs22022016_2.pdf,2016-02-22,2016-04-01,EXCLUDE,ITDCEM,ITD Cementation India Ltd.
ind_prs22022016_2.pdf,2016-02-22,2016-04-01,EXCLUDE,IVRCLINFRA,IVRCL Ltd.
ind_prs22022016_2.pdf,2016-02-22,2016-04-01,EXCLUDE,JYOTISTRUC,Jyoti Structures Ltd.
ind_prs22022016_2.pdf,2016-02-22,2016-04-01,EXCLUDE,KCP,KCP Ltd.
ind_prs22022016_2.pdf,2016-02-22,2016-04-01,EXCLUDE,KKCL,Kewal Kiran Clothing Ltd.
ind_prs22022016_2.pdf,2016-02-22,2016-04-01,EXCLUDE,KNRCON,KNR Constructions Ltd.
ind_prs22022016_2.pdf,2016-02-22,2016-04-01,EXCLUDE,KSBPUMPS,KSB Pumps Ltd.
ind_prs22022016_2.pdf,2016-02-22,2016-04-01,EXCLUDE,LGBBROSLTD,LG Balakrishnan & Bros Ltd.
ind_prs22022016_2.pdf,2016-02-22,2016-04-01,EXCLUDE,LINDEINDIA,Linde India Ltd.
ind_prs22022016_2.pdf,2016-02-22,2016-04-01,EXCLUDE,MAHSCOOTER,Maharashtra Scooters Ltd.
ind_prs22022016_2.pdf,2016-02-22,2016-04-01,EXCLUDE,MAHSEAMLES,Maharashtra Seamless Ltd.
ind_prs22022016_2.pdf,2016-02-22,2016-04-01,EXCLUDE,MBLINFRA,MBL Infrastructures Ltd.
ind_prs22022016_2.pdf,2016-02-22,2016-04-01,EXCLUDE,MERCATOR,Mercator Ltd.
ind_prs22022016_2.pdf,2016-02-22,2016-04-01,EXCLUDE,METALFORGE,Metalyst Forgings Ltd.
ind_prs22022016_2.pdf,2016-02-22,2016-04-01,EXCLUDE,MTEDUCARE,MT Educare Ltd.
ind_prs22022016_2.pdf,2016-02-22,2016-04-01,EXCLUDE,MUNJALSHOW,Munjal Showa Ltd.
ind_prs22022016_2.pdf,2016-02-22,2016-04-01,EXCLUDE,NAVNETEDUL,Navneet Education Ltd.
ind_prs22022016_2.pdf,2016-02-22,2016-04-01,EXCLUDE,NBVENTURES,Nava Bharat Ventures Ltd.
ind_prs22022016_2.pdf,2016-02-22,2016-04-01,EXCLUDE,NDTV,NDTV Ltd.
ind_prs22022016_2.pdf,2016-02-22,2016-04-01,EXCLUDE,NIITLTD,NIIT Ltd.
ind_prs22022016_2.pdf,2016-02-22,2016-04-01,EXCLUDE,NOCIL,NOCIL Ltd.
ind_prs22022016_2.pdf,2016-02-22,2016-04-01,EXCLUDE,NOIDATOLL,Noida-Toll Bridge Co. Ltd.
ind_prs22022016_2.pdf,2016-02-22,2016-04-01,EXCLUDE,OPTOCIRCUI,Opto Circuits (I) Ltd.
ind_prs22022016_2.pdf,2016-02-22,2016-04-01,EXCLUDE,PATELENG,Patel Engineering Ltd.
ind_prs22022016_2.pdf,2016-02-22,2016-04-01,EXCLUDE,PENIND,Pennar Industries Ltd.
ind_prs22022016_2.pdf,2016-02-22,2016-04-01,EXCLUDE,PENINLAND,Peninsula Land Ltd.
ind_prs22022016_2.pdf,2016-02-22,2016-04-01,EXCLUDE,PRAKASH,Prakash Industries Ltd.
ind_prs22022016_2.pdf,2016-02-22,2016-04-01,EXCLUDE,RELIGARE,Religare Enterprises Ltd.
ind_prs22022016_2.pdf,2016-02-22,2016-04-01,EXCLUDE,RICOAUTO,Rico Auto Industries Ltd.
ind_prs22022016_2.pdf,2016-02-22,2016-04-01,EXCLUDE,SBT,State Bank of Travancore
ind_prs22022016_2.pdf,2016-02-22,2016-04-01,EXCLUDE,SEINV,S.E. Investments Ltd.
ind_prs22022016_2.pdf,2016-02-22,2016-04-01,EXCLUDE,SHANTIGEAR,Shanthi Gears Ltd.
ind_prs22022016_2.pdf,2016-02-22,2016-04-01,EXCLUDE,SHRENUJ,Shrenuj & Co. Ltd.
ind_prs22022016_2.pdf,2016-02-22,2016-04-01,EXCLUDE,SONASTEER,Sona Koyo Steering Systems Ltd.
ind_prs22022016_2.pdf,2016-02-22,2016-04-01,EXCLUDE,SRIPIPES,Srikalahasthi Pipes Ltd.
ind_prs22022016_2.pdf,2016-02-22,2016-04-01,EXCLUDE,SUPPETRO,Supreme Petrochem Ltd.
ind_prs22022016_2.pdf,2016-02-22,2016-04-01,EXCLUDE,SUPREMEINF,Supreme Infrastructure India Ltd.
ind_prs22022016_2.pdf,2016-02-22,2016-04-01,EXCLUDE,SWARAJENG,Swaraj Engines Ltd.
ind_prs22022016_2.pdf,2016-02-22,2016-04-01,EXCLUDE,TATAINVEST,Tata Investment Corporation Ltd.
ind_prs22022016_2.pdf,2016-02-22,2016-04-01,EXCLUDE,TDPOWERSYS,TD Power Systems Ltd.
ind_prs22022016_2.pdf,2016-02-22,2016-04-01,EXCLUDE,TVTODAY,TV Today Network Ltd.
ind_prs22022016_2.pdf,2016-02-22,2016-04-01,EXCLUDE,USHAMART,Usha Martin Ltd.
ind_prs22022016_2.pdf,2016-02-22,2016-04-01,EXCLUDE,UTTAMSTL,Uttam Galva Steels Ltd.
ind_prs22022016_2.pdf,2016-02-22,2016-04-01,EXCLUDE,VESUVIUS,Vesuvius India Ltd.
ind_prs22022016_2.pdf,2016-02-22,2016-04-01,EXCLUDE,VIVIDHA,Visagar Polytex Ltd.
ind_prs22022016_2.pdf,2016-02-22,2016-04-01,EXCLUDE,WHEELS,Wheels India Ltd.
ind_prs22022016_2.pdf,2016-02-22,2016-04-01,INCLUDE,8KMILES,8K Miles Soft Services Ltd.
ind_prs22022016_2.pdf,2016-02-22,2016-04-01,INCLUDE,AARTIDRUGS,Aarti Drugs Ltd.
ind_prs22022016_2.pdf,2016-02-22,2016-04-01,INCLUDE,ABFRL,Aditya Birla Fashion and Retail Ltd.
ind_prs22022016_2.pdf,2016-02-22,2016-04-01,INCLUDE,ADANIENT,Adani Enterprises Ltd.
ind_prs22022016_2.pdf,2016-02-22,2016-04-01,INCLUDE,ADANITRANS,Adani Transmission Ltd.
ind_prs22022016_2.pdf,2016-02-22,2016-04-01,INCLUDE,AEGISCHEM,Aegis Logistics Ltd.
ind_prs22022016_2.pdf,2016-02-22,2016-04-01,INCLUDE,AHLUCONT,Ahluwalia Contracts (India) Ltd.
ind_prs22022016_2.pdf,2016-02-22,2016-04-01,INCLUDE,ASHIANA,Ashiana Housing Ltd.
ind_prs22022016_2.pdf,2016-02-22,2016-04-01,INCLUDE,AVANTIFEED,Avanti Feeds Ltd.
ind_prs22022016_2.pdf,2016-02-22,2016-04-01,INCLUDE,BGRENERGY,BGR Energy Systems Ltd
ind_prs22022016_2.pdf,2016-02-22,2016-04-01,INCLUDE,BLISSGVS,Bliss GVS Pharma Ltd.
ind_prs22022016_2.pdf,2016-02-22,2016-04-01,INCLUDE,BRFL,Bombay Rayon Fashions Ltd.
ind_prs22022016_2.pdf,2016-02-22,2016-04-01,INCLUDE,CAPLIPOINT,Caplin Point Laboratories Ltd.
ind_prs22022016_2.pdf,2016-02-22,2016-04-01,INCLUDE,CCL,CCL Products (I) Ltd.
ind_prs22022016_2.pdf,2016-02-22,2016-04-01,INCLUDE,CERA,Cera Sanitaryware Ltd
ind_prs22022016_2.pdf,2016-02-22,2016-04-01,INCLUDE,DALMIABHA,Dalmia Bharat Ltd.
ind_prs22022016_2.pdf,2016-02-22,2016-04-01,INCLUDE,DHANUKA,Dhanuka Agritech Ltd.
ind_prs22022016_2.pdf,2016-02-22,2016-04-01,INCLUDE,DISHTV,Dish TV India Ltd.
ind_prs22022016_2.pdf,2016-02-22,2016-04-01,INCLUDE,GLOBOFFS,Global Offshore Services Ltd.
ind_prs22022016_2.pdf,2016-02-22,2016-04-01,INCLUDE,GRANULES,Granules India Ltd.
ind_prs22022016_2.pdf,2016-02-22,2016-04-01,INCLUDE,GREENPLY,Greenply Industries Ltd.
ind_prs22022016_2.pdf,2016-02-22,2016-04-01,INCLUDE,GRINDWELL,Grindwell Norton Ltd.
ind_prs22022016_2.pdf,2016-02-22,2016-04-01,INCLUDE,GUJGASLTD,Gujarat Gas Ltd.
ind_prs22022016_2.pdf,2016-02-22,2016-04-01,INCLUDE,HEIDELBERG,HeidelbergCement India Ltd.
ind_prs22022016_2.pdf,2016-02-22,2016-04-01,INCLUDE,HITACHIHOM,Hitachi Home & Life Solutions (India) Ltd.
ind_prs22022016_2.pdf,2016-02-22,2016-04-01,INCLUDE,HMT,HMT Ltd.
ind_prs22022016_2.pdf,2016-02-22,2016-04-01,INCLUDE,HMVL,Hindustan Media Vent Ltd.
ind_prs22022016_2.pdf,2016-02-22,2016-04-01,INCLUDE,HOTELEELA,Hotel Leela Venture Ltd.
ind_prs22022016_2.pdf,2016-02-22,2016-04-01,INCLUDE,ICIL,Indo Count Industries Ltd.
ind_prs22022016_2.pdf,2016-02-22,2016-04-01,INCLUDE,IDFC,IDFC Ltd.
ind_prs22022016_2.pdf,2016-02-22,2016-04-01,INCLUDE,IFBIND,IFB Industries Ltd.
ind_prs22022016_2.pdf,2016-02-22,2016-04-01,INCLUDE,IGARASHI,Igarashi Motors India Ltd.
ind_prs22022016_2.pdf,2016-02-22,2016-04-01,INCLUDE,INDOCO,Indoco Remedies Ltd.
ind_prs22022016_2.pdf,2016-02-22,2016-04-01,INCLUDE,INTELLECT,Intellect Design Arena Ltd.
ind_prs22022016_2.pdf,2016-02-22,2016-04-01,INCLUDE,IPAPPM,International Paper APPM Ltd.
ind_prs22022016_2.pdf,2016-02-22,2016-04-01,INCLUDE,JETAIRWAYS,Jet Airways (India) Ltd.
ind_prs22022016_2.pdf,2016-02-22,2016-04-01,INCLUDE,JINDALPOLY,Jindal Poly Films Ltd.
ind_prs22022016_2.pdf,2016-02-22,2016-04-01,INCLUDE,JMTAUTOLTD,JMT Auto Ltd.
ind_prs22022016_2.pdf,2016-02-22,2016-04-01,INCLUDE,KESORAMIND,Kesoram Industries Ltd.
ind_prs22022016_2.pdf,2016-02-22,2016-04-01,INCLUDE,KIRLOSENG,Kirloskar Oil Eng Ltd.
ind_prs22022016_2.pdf,2016-02-22,2016-04-01,INCLUDE,KWALITY,Kwality Ltd.
ind_prs22022016_2.pdf,2016-02-22,2016-04-01,INCLUDE,MAHINDCIE,Mahindra CIE Automotive Ltd.
ind_prs22022016_2.pdf,2016-02-22,2016-04-01,INCLUDE,MANAPPURAM,Manappuram Finance Ltd.
ind_prs22022016_2.pdf,2016-02-22,2016-04-01,INCLUDE,MANPASAND,Manpasand Beverages Ltd.
ind_prs22022016_2.pdf,2016-02-22,2016-04-01,INCLUDE,MINDACORP,Minda Corporation Ltd.
ind_prs22022016_2.pdf,2016-02-22,2016-04-01,INCLUDE,MTNL,Mahanagar Telephone Nigam Ltd.
ind_prs22022016_2.pdf,2016-02-22,2016-04-01,INCLUDE,NAVKARCORP,Navkar Corporation Ltd.
ind_prs22022016_2.pdf,2016-02-22,2016-04-01,INCLUDE,PCJEWELLER,PC Jeweller Ltd.
ind_prs22022016_2.pdf,2016-02-22,2016-04-01,INCLUDE,POLARIS,Polaris Consulting & Services Ltd.
ind_prs22022016_2.pdf,2016-02-22,2016-04-01,INCLUDE,RAMCOSYS,Ramco Systems Ltd.
ind_prs22022016_2.pdf,2016-02-22,2016-04-01,INCLUDE,RELAXO,Relaxo Footwears Ltd.
ind_prs22022016_2.pdf,2016-02-22,2016-04-01,INCLUDE,RKFORGE,Ramkrishna Forgings Ltd.
ind_prs22022016_2.pdf,2016-02-22,2016-04-01,INCLUDE,RTNPOWER,RattanIndia Power Ltd.
ind_prs22022016_2.pdf,2016-02-22,2016-04-01,INCLUDE,SADBHIN,Sadbhav Infrastructure Project Ltd.
ind_prs22022016_2.pdf,2016-02-22,2016-04-01,INCLUDE,SHARDACROP,Sharda Cropchem Ltd.
ind_prs22022016_2.pdf,2016-02-22,2016-04-01,INCLUDE,SHILPAMED,Shilpa Medicare Ltd.
ind_prs22022016_2.pdf,2016-02-22,2016-04-01,INCLUDE,SJVN,SJVN Ltd.
ind_prs22022016_2.pdf,2016-02-22,2016-04-01,INCLUDE,SMLISUZU,SML Isuzu Ltd.
ind_prs22022016_2.pdf,2016-02-22,2016-04-01,INCLUDE,SNOWMAN,Snowman Logistics Ltd.
ind_prs22022016_2.pdf,2016-02-22,2016-04-01,INCLUDE,SOLARINDS,Solar Industries India Ltd.
ind_prs22022016_2.pdf,2016-02-22,2016-04-01,INCLUDE,SOMANYCERA,Somany Ceramics Ltd.
ind_prs22022016_2.pdf,2016-02-22,2016-04-01,INCLUDE,STCINDIA,State Trading Corporation of India Ltd.
ind_prs22022016_2.pdf,2016-02-22,2016-04-01,INCLUDE,STYABS,Styrolution ABS (India) Ltd.
ind_prs22022016_2.pdf,2016-02-22,2016-04-01,INCLUDE,SYNGENE,Syngene International Ltd.
ind_prs22022016_2.pdf,2016-02-22,2016-04-01,INCLUDE,TAKE,Take Solutions Ltd.
ind_prs22022016_2.pdf,2016-02-22,2016-04-01,INCLUDE,TATAMTRDVR,Tata Motors Ltd. (DVR) *
ind_prs22022016_2.pdf,2016-02-22,2016-04-01,INCLUDE,TCI,Transport Corporation of India Ltd.
ind_prs22022016_2.pdf,2016-02-22,2016-04-01,INCLUDE,TEXRAIL,Texmaco Rail & Eng. Ltd.
ind_prs22022016_2.pdf,2016-02-22,2016-04-01,INCLUDE,TIDEWATER,Tide Water Oil (India) Ltd.
ind_prs22022016_2.pdf,2016-02-22,2016-04-01,INCLUDE,TIMKEN,Timken India Ltd.
ind_prs22022016_2.pdf,2016-02-22,2016-04-01,INCLUDE,TRITURBINE,Triveni Turbine Ltd.
ind_prs22022016_2.pdf,2016-02-22,2016-04-01,INCLUDE,TTML,Tata Teleservices (Maharashtra) Ltd.
ind_prs22022016_2.pdf,2016-02-22,2016-04-01,INCLUDE,TVSSRICHAK,TVS Srichakra Ltd.
ind_prs22022016_2.pdf,2016-02-22,2016-04-01,INCLUDE,VGUARD,V-Guard Industries Ltd.
ind_prs22022016_2.pdf,2016-02-22,2016-04-01,INCLUDE,WONDERLA,Wonderla Holidays Ltd.
ind_prs22022016_2.pdf,2016-02-22,2016-04-01,INCLUDE,ZEELEARN,Zee Learn Ltd.
ind_prs22042016.pdf,2016-04-22,2016-04-29,EXCLUDE,ADVANTA,Advanta Ltd.
ind_prs22042016.pdf,2016-04-22,2016-04-29,EXCLUDE,JINDALSAW,Jindal Saw Ltd.
ind_prs22042016.pdf,2016-04-22,2016-04-29,EXCLUDE,TCI,Transport Corporation of India Ltd.
ind_prs22042016.pdf,2016-04-22,2016-04-29,INCLUDE,GULFOILLUB,Gulf Oil Lubricants India Ltd.
ind_prs22042016.pdf,2016-04-22,2016-04-29,INCLUDE,SHK,S H Kelkar and Company Ltd.
ind_prs22042016.pdf,2016-04-22,2016-04-29,INCLUDE,TVTODAY,TV Today Network Ltd.
ind_prs12082016.pdf,2016-08-12,2016-09-30,EXCLUDE,AARTIDRUGS,Aarti Drugs Ltd.
ind_prs12082016.pdf,2016-08-12,2016-09-30,EXCLUDE,ABGSHIP,ABG Shipyard Ltd.
ind_prs12082016.pdf,2016-08-12,2016-09-30,EXCLUDE,ASHIANA,Ashiana Housing Ltd.
ind_prs12082016.pdf,2016-08-12,2016-09-30,EXCLUDE,CASTEXTECH,Castex Technologies Ltd.
ind_prs12082016.pdf,2016-08-12,2016-09-30,EXCLUDE,CLNINDIA,Clariant Chemicals (India) Ltd.
ind_prs12082016.pdf,2016-08-12,2016-09-30,EXCLUDE,ELECTCAST,Electrosteel Castings Ltd.
ind_prs12082016.pdf,2016-08-12,2016-09-30,EXCLUDE,ELGIEQUIP,Elgi Equipments Ltd.
ind_prs12082016.pdf,2016-08-12,2016-09-30,EXCLUDE,ESSDEE,Ess Dee Aluminium Ltd.
ind_prs12082016.pdf,2016-08-12,2016-09-30,EXCLUDE,FINANTECH,Financial Technologies (India) Ltd.
ind_prs12082016.pdf,2016-08-12,2016-09-30,EXCLUDE,GLOBOFFS,Global Offshore Services Ltd.
ind_prs12082016.pdf,2016-08-12,2016-09-30,EXCLUDE,HMT,HMT Ltd.
ind_prs12082016.pdf,2016-08-12,2016-09-30,EXCLUDE,HOTELEELA,Hotel Leela Venture Ltd.
ind_prs12082016.pdf,2016-08-12,2016-09-30,EXCLUDE,IFBIND,IFB Industries Ltd.
ind_prs12082016.pdf,2016-08-12,2016-09-30,EXCLUDE,INEOSSTYRO,INEOS Styrolution India Ltd.
ind_prs12082016.pdf,2016-08-12,2016-09-30,EXCLUDE,KIRLOSENG,Kirloskar Oil Eng Ltd.
ind_prs12082016.pdf,2016-08-12,2016-09-30,EXCLUDE,KSK,KSK Energy Ventures Ltd
ind_prs12082016.pdf,2016-08-12,2016-09-30,EXCLUDE,MINDACORP,Minda Corporation Ltd.
ind_prs12082016.pdf,2016-08-12,2016-09-30,EXCLUDE,PARSVNATH,Parsvnath Developer Ltd.
ind_prs12082016.pdf,2016-08-12,2016-09-30,EXCLUDE,PURVA,Puravankara Projects Ltd.
ind_prs12082016.pdf,2016-08-12,2016-09-30,EXCLUDE,RATNAMANI,Ratnamani Metals & Tubes Ltd.
ind_prs12082016.pdf,2016-08-12,2016-09-30,EXCLUDE,SADBHIN,Sadbhav Infrastructure Project Ltd.
ind_prs12082016.pdf,2016-08-12,2016-09-30,EXCLUDE,TBZ,Tribhovandas Bhimji Zaveri Ltd.
ind_prs12082016.pdf,2016-08-12,2016-09-30,EXCLUDE,TREEHOUSE,Tree House Education & Accessories Ltd.
ind_prs12082016.pdf,2016-08-12,2016-09-30,EXCLUDE,TTML,Tata Teleservices (Maharashtra) Ltd.
ind_prs12082016.pdf,2016-08-12,2016-09-30,EXCLUDE,VAIBHAVGBL,Vaibhav Global Ltd.
ind_prs12082016.pdf,2016-08-12,2016-09-30,INCLUDE,ABIRLANUVO,Aditya Birla Nuvo Ltd.
ind_prs12082016.pdf,2016-08-12,2016-09-30,INCLUDE,ALKEM,Alkem Laboratories Ltd.
ind_prs12082016.pdf,2016-08-12,2016-09-30,INCLUDE,APLAPOLLO,APL Apollo Tubes Ltd.
ind_prs12082016.pdf,2016-08-12,2016-09-30,INCLUDE,CARBORUNIV,Carborundum Universal Ltd.
ind_prs12082016.pdf,2016-08-12,2016-09-30,INCLUDE,COFFEEDAY,Coffee Day Enterprises Ltd.
ind_prs12082016.pdf,2016-08-12,2016-09-30,INCLUDE,CROMPGREAV,Crompton Greaves Ltd.
ind_prs12082016.pdf,2016-08-12,2016-09-30,INCLUDE,EQUITAS,Equitas Holdings Ltd.
ind_prs12082016.pdf,2016-08-12,2016-09-30,INCLUDE,IDFCBANK,IDFC Bank Ltd.
ind_prs12082016.pdf,2016-08-12,2016-09-30,INCLUDE,INDIGO,InterGlobe Aviation Ltd.
ind_prs12082016.pdf,2016-08-12,2016-09-30,INCLUDE,INFIBEAM,Infibeam Incorporation Ltd.
ind_prs12082016.pdf,2016-08-12,2016-09-30,INCLUDE,ITDCEM,ITD Cementation India Ltd.
ind_prs12082016.pdf,2016-08-12,2016-09-30,INCLUDE,KSBPUMPS,KSB Pumps Ltd.
ind_prs12082016.pdf,2016-08-12,2016-09-30,INCLUDE,LALPATHLAB,Dr. Lal Path Labs Ltd.
ind_prs12082016.pdf,2016-08-12,2016-09-30,INCLUDE,LINDEINDIA,Linde India Ltd.
ind_prs12082016.pdf,2016-08-12,2016-09-30,INCLUDE,MFSL,Max Financial Services Ltd.
ind_prs12082016.pdf,2016-08-12,2016-09-30,INCLUDE,MYSOREBANK,State Bank of Mysore
ind_prs12082016.pdf,2016-08-12,2016-09-30,INCLUDE,NAVINFLUOR,Navin Fluorine International Ltd.
ind_prs12082016.pdf,2016-08-12,2016-09-30,INCLUDE,NH,Narayana Hrudayalaya Ltd.
ind_prs12082016.pdf,2016-08-12,2016-09-30,INCLUDE,NILKAMAL,Nilkamal Ltd.
ind_prs12082016.pdf,2016-08-12,2016-09-30,INCLUDE,OCL,OCL India Ltd.
ind_prs12082016.pdf,2016-08-12,2016-09-30,INCLUDE,RELIGARE,Religare Enterprises Ltd.
ind_prs12082016.pdf,2016-08-12,2016-09-30,INCLUDE,SBT,State Bank of Travancore
ind_prs12082016.pdf,2016-08-12,2016-09-30,INCLUDE,SEQUENT,Sequent Scientific Ltd.
ind_prs12082016.pdf,2016-08-12,2016-09-30,INCLUDE,SFCL,Star Ferro & Cement Ltd.
ind_prs12082016.pdf,2016-08-12,2016-09-30,INCLUDE,SUPRAJIT,Suprajit Engineering Ltd.
ind_prs17102016.pdf,2016-10-17,2016-11-15,EXCLUDE,CAIRN,Cairn India Ltd.
ind_prs17102016.pdf,2016-10-17,2016-11-15,INCLUDE,CROMPTON,Crompton Greaves Consumer Electricals Ltd.
ind_prs16012017.pdf,2017-01-16,2017-01-23,EXCLUDE,DISHMAN,Dishman Pharmaceuticals & Chemicals Ltd.
ind_prs16012017.pdf,2017-01-16,2017-01-23,EXCLUDE,MFSL,Max Financial Services Ltd.
ind_prs16012017.pdf,2017-01-16,2017-01-23,EXCLUDE,OCL,OCL India Ltd.
ind_prs16012017.pdf,2017-01-16,2017-01-23,EXCLUDE,SFCL,Star Ferro & Cement Ltd.
ind_prs16012017.pdf,2017-01-16,2017-01-23,INCLUDE,ADVENZYMES,Advanced Enzyme Tech Ltd.
ind_prs16012017.pdf,2017-01-16,2017-01-23,INCLUDE,ASAHIINDIA,Asahi India Glass Ltd.
ind_prs16012017.pdf,2017-01-16,2017-01-23,INCLUDE,RBLBANK,RBL Bank Ltd.
ind_prs16012017.pdf,2017-01-16,2017-01-23,INCLUDE,UJJIVAN,Ujjivan Financial Services Ltd.
ind_prs07032017.pdf,2017-03-07,2017-03-16,EXCLUDE,MYSOREBANK,State Bank of Mysore
ind_prs07032017.pdf,2017-03-07,2017-03-16,EXCLUDE,SBBJ,State Bank of Bikaner & Jaipur Ltd.
ind_prs07032017.pdf,2017-03-07,2017-03-16,EXCLUDE,SBT,State Bank of Travancore
ind_prs07032017.pdf,2017-03-07,2017-03-16,INCLUDE,FRETAIL,Future Retail Ltd.
ind_prs07032017.pdf,2017-03-07,2017-03-16,INCLUDE,MAXINDIA,Max India Ltd.
ind_prs07032017.pdf,2017-03-07,2017-03-16,INCLUDE,MGL,Mahanagar Gas Ltd.
ind_prs16022017.pdf,2017-02-16,2017-03-31,EXCLUDE,ALOKTEXT,Alok Industries Ltd.
ind_prs16022017.pdf,2017-02-16,2017-03-31,EXCLUDE,BRFL,Bombay Rayon Fashions Ltd.
ind_prs16022017.pdf,2017-02-16,2017-03-31,EXCLUDE,BRIGADE,Brigade Enterprises Ltd.
ind_prs16022017.pdf,2017-02-16,2017-03-31,EXCLUDE,DYNAMATECH,Dynamatic Technologies Ltd.
ind_prs16022017.pdf,2017-02-16,2017-03-31,EXCLUDE,FLFL,Future Lifestyle Fashions Ltd.
ind_prs16022017.pdf,2017-02-16,2017-03-31,EXCLUDE,INGERRAND,Ingersoll Rand (India) Ltd.
ind_prs16022017.pdf,2017-02-16,2017-03-31,EXCLUDE,IPAPPM,International Paper APPM Ltd.
ind_prs16022017.pdf,2017-02-16,2017-03-31,EXCLUDE,JPINFRATEC,Jaypee Infratech Ltd.
ind_prs16022017.pdf,2017-02-16,2017-03-31,EXCLUDE,JPPOWER,Jaiprakash Power Ventures Ltd.
ind_prs16022017.pdf,2017-02-16,2017-03-31,EXCLUDE,JSWHL,JSW Holdings Ltd.
ind_prs16022017.pdf,2017-02-16,2017-03-31,EXCLUDE,KSBPUMPS,KSB Pumps Ltd.
ind_prs16022017.pdf,2017-02-16,2017-03-31,EXCLUDE,LAOPALA,La Opala RG Ltd.
ind_prs16022017.pdf,2017-02-16,2017-03-31,EXCLUDE,LINDEINDIA,Linde India Ltd.
ind_prs16022017.pdf,2017-02-16,2017-03-31,EXCLUDE,LITL,Lanco Infratech Ltd.
ind_prs16022017.pdf,2017-02-16,2017-03-31,EXCLUDE,MAHLIFE,Mahindra Lifespace Developers Ltd.
ind_prs16022017.pdf,2017-02-16,2017-03-31,EXCLUDE,MAYURUNIQ,Mayur Uniquoters Ltd.
ind_prs16022017.pdf,2017-02-16,2017-03-31,EXCLUDE,MYSOREBANK,State Bank of Mysore
ind_prs16022017.pdf,2017-02-16,2017-03-31,EXCLUDE,SBBJ,State Bank of Bikaner & Jaipur Ltd.
ind_prs16022017.pdf,2017-02-16,2017-03-31,EXCLUDE,SBT,State Bank of Travancore
ind_prs16022017.pdf,2017-02-16,2017-03-31,EXCLUDE,SEQUENT,Sequent Scientific Ltd.
ind_prs16022017.pdf,2017-02-16,2017-03-31,EXCLUDE,SHOPERSTOP,Shoppers Stop Ltd.
ind_prs16022017.pdf,2017-02-16,2017-03-31,EXCLUDE,SIMPLEXINF,Simplex Infrastructures Ltd.
ind_prs16022017.pdf,2017-02-16,2017-03-31,EXCLUDE,SINTEX,Sintex Industries Ltd.
ind_prs16022017.pdf,2017-02-16,2017-03-31,EXCLUDE,SITINET,Siti Networks Ltd.
ind_prs16022017.pdf,2017-02-16,2017-03-31,EXCLUDE,SUPRAJIT,Suprajit Engineering Ltd.
ind_prs16022017.pdf,2017-02-16,2017-03-31,INCLUDE,DBL,Dilip Buildcon Ltd.
ind_prs16022017.pdf,2017-02-16,2017-03-31,INCLUDE,ENDURANCE,Endurance Technologies Ltd.
ind_prs16022017.pdf,2017-02-16,2017-03-31,INCLUDE,FMGOETZE,Federal-Mogul Goetze (India) Ltd.
ind_prs16022017.pdf,2017-02-16,2017-03-31,INCLUDE,FRETAIL,Future Retail Ltd.
ind_prs16022017.pdf,2017-02-16,2017-03-31,INCLUDE,GHCL,GHCL Ltd.
ind_prs16022017.pdf,2017-02-16,2017-03-31,INCLUDE,GNFC,Gujarat Narmada Valley Fertilizers and Chemicals Ltd.
ind_prs16022017.pdf,2017-02-16,2017-03-31,INCLUDE,GUJALKALI,Gujarat Alkalies & Chemicals Ltd.
ind_prs16022017.pdf,2017-02-16,2017-03-31,INCLUDE,ICICIPRULI,ICICI Prudential Life Insurance Company Ltd.
ind_prs16022017.pdf,2017-02-16,2017-03-31,INCLUDE,KNRCON,KNR Constructions Ltd.
ind_prs16022017.pdf,2017-02-16,2017-03-31,INCLUDE,LTI,Larsen & Toubro Infotech Ltd.
ind_prs16022017.pdf,2017-02-16,2017-03-31,INCLUDE,LTTS,L&T Technology Services Ltd.
ind_prs16022017.pdf,2017-02-16,2017-03-31,INCLUDE,MAXINDIA,Max India Ltd.
ind_prs16022017.pdf,2017-02-16,2017-03-31,INCLUDE,MGL,Mahanagar Gas Ltd.
ind_prs16022017.pdf,2017-02-16,2017-03-31,INCLUDE,MINDACORP,Minda Corporation Ltd.
ind_prs16022017.pdf,2017-02-16,2017-03-31,INCLUDE,MINDAIND,Minda Industries Ltd.
ind_prs16022017.pdf,2017-02-16,2017-03-31,INCLUDE,NAVNETEDUL,Navneet Education Ltd.
ind_prs16022017.pdf,2017-02-16,2017-03-31,INCLUDE,NBVENTURES,Nava Bharat Ventures Ltd.
ind_prs16022017.pdf,2017-02-16,2017-03-31,INCLUDE,PARAGMILK,Parag Milk Foods Ltd.
ind_prs16022017.pdf,2017-02-16,2017-03-31,INCLUDE,QUESS,Quess Corp Ltd.
ind_prs16022017.pdf,2017-02-16,2017-03-31,INCLUDE,RATNAMANI,Ratnamani Metals & Tubes Ltd.
ind_prs16022017.pdf,2017-02-16,2017-03-31,INCLUDE,SHILPI,Shilpi Cable Tech Ltd.
ind_prs16022017.pdf,2017-02-16,2017-03-31,INCLUDE,STRTECH,Sterlite Technologies Ltd.
ind_prs16022017.pdf,2017-02-16,2017-03-31,INCLUDE,SUDARSCHEM,Sudarshan Chemical Industries Ltd.
ind_prs16022017.pdf,2017-02-16,2017-03-31,INCLUDE,TATAINVEST,Tata Investment Corporation Ltd.
ind_prs16022017.pdf,2017-02-16,2017-03-31,INCLUDE,THYROCARE,Thyrocare Technologies Ltd.
ind_prs27042017.pdf,2017-04-27,2017-05-26,EXCLUDE,ABIRLANUVO,Aditya Birla Nuvo Ltd.
ind_prs27042017.pdf,2017-04-27,2017-05-26,EXCLUDE,GRASIM,Grasim Industries Ltd.
ind_prs27042017.pdf,2017-04-27,2017-05-26,EXCLUDE,TUBEINVEST,Tube Investments of India Ltd.
ind_prs27042017.pdf,2017-04-27,2017-05-26,INCLUDE,LAURUSLABS,Laurus Labs Ltd.
ind_prs27042017.pdf,2017-04-27,2017-05-26,INCLUDE,PNBHOUSING,PNB Housing Finance Ltd.
ind_prs27042017.pdf,2017-04-27,2017-05-26,INCLUDE,VBL,Varun Beverages Ltd.
ind_prs15062017.pdf,2017-06-15,2017-06-23,EXCLUDE,IIFL,IIFL Holdings Ltd.
ind_prs15062017.pdf,2017-06-15,2017-06-23,INCLUDE,SFL,Sheela Foam Ltd.
ind_prs29082017.pdf,2017-08-29,2017-09-05,EXCLUDE,RELCAPITAL,Reliance Capital Ltd.
ind_prs29082017.pdf,2017-08-29,2017-09-05,INCLUDE,MFSL,Max Financial Services Ltd.
ind_prs28082017.pdf,2017-08-28,2017-09-29,EXCLUDE,AMTEKAUTO,Amtek Auto Ltd.
ind_prs28082017.pdf,2017-08-28,2017-09-29,EXCLUDE,ANANTRAJ,Anant Raj Ltd.
ind_prs28082017.pdf,2017-08-28,2017-09-29,EXCLUDE,ASAHIINDIA,Asahi India Glass Ltd.
ind_prs28082017.pdf,2017-08-28,2017-09-29,EXCLUDE,FDC,FDC Ltd.
ind_prs28082017.pdf,2017-08-28,2017-09-29,EXCLUDE,FMGOETZE,Federal-Mogul Goetze (India) Ltd.
ind_prs28082017.pdf,2017-08-28,2017-09-29,EXCLUDE,GRINDWELL,Grindwell Norton Ltd.
ind_prs28082017.pdf,2017-08-28,2017-09-29,EXCLUDE,HMVL,Hindustan Media Vent Ltd.
ind_prs28082017.pdf,2017-08-28,2017-09-29,EXCLUDE,HONAUT,Honeywell Automation India Ltd.
ind_prs28082017.pdf,2017-08-28,2017-09-29,EXCLUDE,JMTAUTOLTD,JMT Auto Ltd.
ind_prs28082017.pdf,2017-08-28,2017-09-29,EXCLUDE,KNRCON,KNR Constructions Ltd.
ind_prs28082017.pdf,2017-08-28,2017-09-29,EXCLUDE,NITINFIRE,Nitin Fire Protection Industries Ltd.
ind_prs28082017.pdf,2017-08-28,2017-09-29,EXCLUDE,ORISSAMINE,Orissa Min Dev Co Ltd.
ind_prs28082017.pdf,2017-08-28,2017-09-29,EXCLUDE,PUNJLLOYD,Punj Lloyd Ltd.
ind_prs28082017.pdf,2017-08-28,2017-09-29,EXCLUDE,RATNAMANI,Ratnamani Metals & Tubes Ltd.
ind_prs28082017.pdf,2017-08-28,2017-09-29,EXCLUDE,RELAXO,Relaxo Footwears Ltd.
ind_prs28082017.pdf,2017-08-28,2017-09-29,EXCLUDE,RELCAPITAL,Reliance Capital Ltd.
ind_prs28082017.pdf,2017-08-28,2017-09-29,EXCLUDE,RIIL,Reliance Industrial Infrastructure Ltd.
ind_prs28082017.pdf,2017-08-28,2017-09-29,EXCLUDE,ROLTA,Rolta India Ltd.
ind_prs28082017.pdf,2017-08-28,2017-09-29,EXCLUDE,RUCHISOYA,Ruchi Soya Industries Ltd.
ind_prs28082017.pdf,2017-08-28,2017-09-29,EXCLUDE,STCINDIA,State Trading Corporation of India Ltd.
ind_prs28082017.pdf,2017-08-28,2017-09-29,EXCLUDE,TIDEWATER,Tide Water Oil (India) Ltd.
ind_prs28082017.pdf,2017-08-28,2017-09-29,EXCLUDE,TRITURBINE,Triveni Turbine Ltd.
ind_prs28082017.pdf,2017-08-28,2017-09-29,EXCLUDE,VSTIND,VST Industries Ltd.
ind_prs28082017.pdf,2017-08-28,2017-09-29,EXCLUDE,WONDERLA,Wonderla Holidays Ltd.
ind_prs28082017.pdf,2017-08-28,2017-09-29,EXCLUDE,ZYDUSWELL,Zydus Wellness Ltd.
ind_prs28082017.pdf,2017-08-28,2017-09-29,INCLUDE,BRFL,Bombay Rayon Fashions Ltd.
ind_prs28082017.pdf,2017-08-28,2017-09-29,INCLUDE,BRIGADE,Brigade Enterprises Ltd.
ind_prs28082017.pdf,2017-08-28,2017-09-29,INCLUDE,BSE,BSE Ltd.
ind_prs28082017.pdf,2017-08-28,2017-09-29,INCLUDE,DMART,Avenue Supermarts Ltd.
ind_prs28082017.pdf,2017-08-28,2017-09-29,INCLUDE,FLFL,Future Lifestyle Fashions Ltd.
ind_prs28082017.pdf,2017-08-28,2017-09-29,INCLUDE,HERITGFOOD,Heritage Foods Ltd.
ind_prs28082017.pdf,2017-08-28,2017-09-29,INCLUDE,IBVENTURES,Indiabulls Ventures Ltd.
ind_prs28082017.pdf,2017-08-28,2017-09-29,INCLUDE,IFBIND,IFB Industries Ltd.
ind_prs28082017.pdf,2017-08-28,2017-09-29,INCLUDE,INGERRAND,Ingersoll Rand (India) Ltd.
ind_prs28082017.pdf,2017-08-28,2017-09-29,INCLUDE,ITDC,India Tourism Development Corporation Ltd.
ind_prs28082017.pdf,2017-08-28,2017-09-29,INCLUDE,ITI,ITI Ltd.
ind_prs28082017.pdf,2017-08-28,2017-09-29,INCLUDE,JINDALSAW,Jindal Saw Ltd.
ind_prs28082017.pdf,2017-08-28,2017-09-29,INCLUDE,JPPOWER,Jaiprakash Power Ventures Ltd.
ind_prs28082017.pdf,2017-08-28,2017-09-29,INCLUDE,JSL,Jindal Stainless Ltd.
ind_prs28082017.pdf,2017-08-28,2017-09-29,INCLUDE,JSLHISAR,Jindal Stainless (Hisar) Ltd.
ind_prs28082017.pdf,2017-08-28,2017-09-29,INCLUDE,LINDEINDIA,Linde India Ltd.
ind_prs28082017.pdf,2017-08-28,2017-09-29,INCLUDE,MFSL,Max Financial Services Ltd.
ind_prs28082017.pdf,2017-08-28,2017-09-29,INCLUDE,NFL,National Fertilizers Ltd.
ind_prs28082017.pdf,2017-08-28,2017-09-29,INCLUDE,RUPA,Rupa & Company Ltd.
ind_prs28082017.pdf,2017-08-28,2017-09-29,INCLUDE,SHOPERSTOP,Shoppers Stop Ltd.
ind_prs28082017.pdf,2017-08-28,2017-09-29,INCLUDE,SUPPETRO,Supreme Petrochem Ltd.
ind_prs28082017.pdf,2017-08-28,2017-09-29,INCLUDE,SUPRAJIT,Suprajit Engineering Ltd.
ind_prs28082017.pdf,2017-08-28,2017-09-29,INCLUDE,TIMETECHNO,Time Technoplast Ltd.
ind_prs28082017.pdf,2017-08-28,2017-09-29,INCLUDE,UNITEDBNK,United Bank of India
ind_prs28082017.pdf,2017-08-28,2017-09-29,INCLUDE,VESUVIUS,Vesuvius India Ltd.
ind_prs16102017.pdf,2017-10-16,2017-10-30,EXCLUDE,FRETAIL,Future Retail Ltd.
ind_prs16102017.pdf,2017-10-16,2017-10-30,INCLUDE,HUDCO,Housing & Urban Development Corporation Ltd.
ind_prs03112017.pdf,2017-11-03,2017-11-13,EXCLUDE,SHILPI,Shilpi Cable Tech Ltd.
ind_prs03112017.pdf,2017-11-03,2017-11-13,EXCLUDE,SUNDARMFIN,Sundaram Finance Ltd.
ind_prs03112017.pdf,2017-11-03,2017-11-13,INCLUDE,AUBANK,AU Small Finance Bank Ltd.
ind_prs03112017.pdf,2017-11-03,2017-11-13,INCLUDE,RELAXO,Relaxo Footwears Ltd.
ind_prs10112017.pdf,2017-11-10,2017-11-20,EXCLUDE,GAYAPROJ,Gayatri Projects Ltd.
ind_prs10112017.pdf,2017-11-10,2017-11-20,INCLUDE,STARCEMENT,Star Cement Ltd.
ind_prs08012018.pdf,2018-01-08,2018-02-05,EXCLUDE,CESC,CESC Ltd.
ind_prs08012018.pdf,2018-01-08,2018-02-05,EXCLUDE,FORTIS,Fortis Healthcare Ltd.
ind_prs08012018.pdf,2018-01-08,2018-02-05,EXCLUDE,POLARIS,Polaris Consulting & Services Ltd.
ind_prs08012018.pdf,2018-01-08,2018-02-05,EXCLUDE,STAR,Strides Shasun Ltd.
ind_prs08012018.pdf,2018-01-08,2018-02-05,INCLUDE,COCHINSHIP,Cochin Shipyard Ltd.
ind_prs08012018.pdf,2018-01-08,2018-02-05,INCLUDE,HATSUN,Hatsun Agro Product Ltd.
ind_prs08012018.pdf,2018-01-08,2018-02-05,INCLUDE,RELCAPITAL,Reliance Capital Ltd.
ind_prs08012018.pdf,2018-01-08,2018-02-05,INCLUDE,TIFIN,TI Financial Holdings Ltd.
ind_prs06032018.pdf,2018-03-06,2018-03-13,EXCLUDE,VIDEOIND,Videocon Industries Ltd.
ind_prs06032018.pdf,2018-03-06,2018-03-13,INCLUDE,ERIS,Eris Lifesciences Ltd.
ind_prs21022018.pdf,2018-02-21,2018-04-02,EXCLUDE,ADANIENT,Adani Enterprises Ltd.
ind_prs21022018.pdf,2018-02-21,2018-04-02,EXCLUDE,AHLUCONT,Ahluwalia Contracts (India) Ltd.
ind_prs21022018.pdf,2018-02-21,2018-04-02,EXCLUDE,APARINDS,Apar Industries Ltd.
ind_prs21022018.pdf,2018-02-21,2018-04-02,EXCLUDE,ASTRAZEN,AstraZenca Pharma India Ltd.
ind_prs21022018.pdf,2018-02-21,2018-04-02,EXCLUDE,CORPBANK,Corporation Bank
ind_prs21022018.pdf,2018-02-21,2018-04-02,EXCLUDE,DALMIABHA,Dalmia Bharat Ltd.
ind_prs21022018.pdf,2018-02-21,2018-04-02,EXCLUDE,DHANUKA,Dhanuka Agritech Ltd.
ind_prs21022018.pdf,2018-02-21,2018-04-02,EXCLUDE,ESSELPACK,Essel Propack Ltd.
ind_prs21022018.pdf,2018-02-21,2018-04-02,EXCLUDE,ICRA,ICRA Ltd.
ind_prs21022018.pdf,2018-02-21,2018-04-02,EXCLUDE,IGARASHI,Igarashi Motors India Ltd.
ind_prs21022018.pdf,2018-02-21,2018-04-02,EXCLUDE,INGERRAND,Ingersoll Rand (India) Ltd.
ind_prs21022018.pdf,2018-02-21,2018-04-02,EXCLUDE,LINDEINDIA,Linde India Ltd.
ind_prs21022018.pdf,2018-02-21,2018-04-02,EXCLUDE,MONSANTO,Monsanto India Ltd.
ind_prs21022018.pdf,2018-02-21,2018-04-02,EXCLUDE,NAVNETEDUL,Navneet Education Ltd.
ind_prs21022018.pdf,2018-02-21,2018-04-02,EXCLUDE,SCHNEIDER,Schneider Electric Infrastructure Ltd.
ind_prs21022018.pdf,2018-02-21,2018-04-02,EXCLUDE,SHARDACROP,Sharda Cropchem Ltd.
ind_prs21022018.pdf,2018-02-21,2018-04-02,EXCLUDE,SHILPAMED,Shilpa Medicare Ltd.
ind_prs21022018.pdf,2018-02-21,2018-04-02,EXCLUDE,SNOWMAN,Snowman Logistics Ltd.
ind_prs21022018.pdf,2018-02-21,2018-04-02,EXCLUDE,SOMANYCERA,Somany Ceramics Ltd.
ind_prs21022018.pdf,2018-02-21,2018-04-02,EXCLUDE,SUPPETRO,Supreme Petrochem Ltd.
ind_prs21022018.pdf,2018-02-21,2018-04-02,EXCLUDE,SUPRAJIT,Suprajit Engineering Ltd.
ind_prs21022018.pdf,2018-02-21,2018-04-02,EXCLUDE,UNITEDBNK,United Bank of India
ind_prs21022018.pdf,2018-02-21,2018-04-02,EXCLUDE,VESUVIUS,Vesuvius India Ltd.
ind_prs21022018.pdf,2018-02-21,2018-04-02,EXCLUDE,VIDEOIND,Videocon Industries Ltd.
ind_prs21022018.pdf,2018-02-21,2018-04-02,EXCLUDE,ZENSARTECH,Zensar Technolgies Ltd.
ind_prs21022018.pdf,2018-02-21,2018-04-02,INCLUDE,ABCAPITAL,Aditya Birla Capital Ltd.
ind_prs21022018.pdf,2018-02-21,2018-04-02,INCLUDE,ASAHIINDIA,Asahi India Glass Ltd.
ind_prs21022018.pdf,2018-02-21,2018-04-02,INCLUDE,CDSL,Central Depository Services (India) Ltd.
ind_prs21022018.pdf,2018-02-21,2018-04-02,INCLUDE,DCAL,Dishman Carbogen Amcis Ltd.
ind_prs21022018.pdf,2018-02-21,2018-04-02,INCLUDE,DIXON,Dixon Technologies (India) Ltd.
ind_prs21022018.pdf,2018-02-21,2018-04-02,INCLUDE,ERIS,Eris Lifesciences Ltd.
ind_prs21022018.pdf,2018-02-21,2018-04-02,INCLUDE,GICRE,General Insurance Corporation of India
ind_prs21022018.pdf,2018-02-21,2018-04-02,INCLUDE,GODREJAGRO,Godrej Agrovet Ltd.
ind_prs21022018.pdf,2018-02-21,2018-04-02,INCLUDE,GRAPHITE,Graphite India Ltd.
ind_prs21022018.pdf,2018-02-21,2018-04-02,INCLUDE,GRASIM,Grasim Industries Ltd.
ind_prs21022018.pdf,2018-02-21,2018-04-02,INCLUDE,HEG,H.E.G. Ltd.
ind_prs21022018.pdf,2018-02-21,2018-04-02,INCLUDE,HONAUT,Honeywell Automation India Ltd.
ind_prs21022018.pdf,2018-02-21,2018-04-02,INCLUDE,HSCL,Himadri Speciality Chemical Ltd.
ind_prs21022018.pdf,2018-02-21,2018-04-02,INCLUDE,ICICIGI,ICICI Lombard General Insurance Company Ltd.
ind_prs21022018.pdf,2018-02-21,2018-04-02,INCLUDE,IEX,Indian Energy Exchange Ltd.
ind_prs21022018.pdf,2018-02-21,2018-04-02,INCLUDE,IIFL,IIFL Holdings Ltd.
ind_prs21022018.pdf,2018-02-21,2018-04-02,INCLUDE,KNRCON,KNR Constructions Ltd.
ind_prs21022018.pdf,2018-02-21,2018-04-02,INCLUDE,MASFIN,MAS Financial Services Ltd.
ind_prs21022018.pdf,2018-02-21,2018-04-02,INCLUDE,NESCO,NESCO Ltd.
ind_prs21022018.pdf,2018-02-21,2018-04-02,INCLUDE,RHFL,Reliance Home Finance Ltd.
ind_prs21022018.pdf,2018-02-21,2018-04-02,INCLUDE,SADBHIN,Sadbhav Infrastructure Project Ltd.
ind_prs21022018.pdf,2018-02-21,2018-04-02,INCLUDE,SBILIFE,SBI Life Insurance Company Ltd.
ind_prs21022018.pdf,2018-02-21,2018-04-02,INCLUDE,SHANKARA,Shankara Building Products Ltd.
ind_prs21022018.pdf,2018-02-21,2018-04-02,INCLUDE,SIS,Security and Intelligence Services (India) Ltd.
ind_prs21022018.pdf,2018-02-21,2018-04-02,INCLUDE,SPTL,Sintex Plastics Technology Ltd.
ind_prs20062018.pdf,2018-06-20,2018-06-29,EXCLUDE,HTMEDIA,HT Media Ltd.
ind_prs20062018.pdf,2018-06-20,2018-06-29,INCLUDE,ASTERDM,Aster DM Healthcare Ltd.
ind_prs24052018.pdf,2018-05-24,2018-06-29,EXCLUDE,ARVIND,Arvind Ltd.
ind_prs24052018.pdf,2018-05-24,2018-06-29,EXCLUDE,COX&KINGS,Cox & Kings Ltd.
ind_prs24052018.pdf,2018-05-24,2018-06-29,EXCLUDE,TATACOMM,Tata Communications Ltd.
ind_prs24052018.pdf,2018-05-24,2018-06-29,INCLUDE,FRETAIL,Future Retail Ltd.
ind_prs24052018.pdf,2018-05-24,2018-06-29,INCLUDE,KIOCL,KIOCL Ltd.
ind_prs24052018.pdf,2018-05-24,2018-06-29,INCLUDE,TIINDIA,Tube Investments of India Ltd.
ind_prs01082018.pdf,2018-08-01,2018-08-08,EXCLUDE,TECHNO,Techno Electric & Engineering Company Ltd.
ind_prs01082018.pdf,2018-08-01,2018-08-08,INCLUDE,BDL,Bharat Dynamics Ltd.
ind_prs28082018.pdf,2018-08-28,2018-09-28,EXCLUDE,ABAN,Aban Offshore Ltd.
ind_prs28082018.pdf,2018-08-28,2018-09-28,EXCLUDE,ASAHIINDIA,Asahi India Glass Ltd.
ind_prs28082018.pdf,2018-08-28,2018-09-28,EXCLUDE,BAJAJHIND,Bajaj Hindusthan Sugar Ltd.
ind_prs28082018.pdf,2018-08-28,2018-09-28,EXCLUDE,BALLARPUR,Ballarpur Industries Ltd.
ind_prs28082018.pdf,2018-08-28,2018-09-28,EXCLUDE,BFUTILITIE,BF Utilities Ltd.
ind_prs28082018.pdf,2018-08-28,2018-09-28,EXCLUDE,BGRENERGY,BGR Energy Systems Ltd
ind_prs28082018.pdf,2018-08-28,2018-09-28,EXCLUDE,BHUSANSTL,Bhushan Steel Ltd.
ind_prs28082018.pdf,2018-08-28,2018-09-28,EXCLUDE,BRFL,Bombay Rayon Fashions Ltd.
ind_prs28082018.pdf,2018-08-28,2018-09-28,EXCLUDE,DBREALTY,D B Realty Ltd.
ind_prs28082018.pdf,2018-08-28,2018-09-28,EXCLUDE,GATI,Gati Ltd.
ind_prs28082018.pdf,2018-08-28,2018-09-28,EXCLUDE,HDIL,Housing Development and Infrastructure Ltd.
ind_prs28082018.pdf,2018-08-28,2018-09-28,EXCLUDE,JBFIND,JBF Industries Ltd.
ind_prs28082018.pdf,2018-08-28,2018-09-28,EXCLUDE,JINDALPOLY,Jindal Poly Films Ltd.
ind_prs28082018.pdf,2018-08-28,2018-09-28,EXCLUDE,KESORAMIND,Kesoram Industries Ltd.
ind_prs28082018.pdf,2018-08-28,2018-09-28,EXCLUDE,KITEX,Kitex Garments Ltd.
ind_prs28082018.pdf,2018-08-28,2018-09-28,EXCLUDE,KWALITY,Kwality Ltd.
ind_prs28082018.pdf,2018-08-28,2018-09-28,EXCLUDE,MARKSANS,Marksans Pharma Ltd.
ind_prs28082018.pdf,2018-08-28,2018-09-28,EXCLUDE,MTNL,Mahanagar Telephone Nigam Ltd.
ind_prs28082018.pdf,2018-08-28,2018-09-28,EXCLUDE,RAMCOSYS,Ramco Systems Ltd.
ind_prs28082018.pdf,2018-08-28,2018-09-28,EXCLUDE,RELIGARE,Religare Enterprises Ltd.
ind_prs28082018.pdf,2018-08-28,2018-09-28,EXCLUDE,RTNPOWER,RattanIndia Power Ltd.
ind_prs28082018.pdf,2018-08-28,2018-09-28,EXCLUDE,SFL,Sheela Foam Ltd.
ind_prs28082018.pdf,2018-08-28,2018-09-28,EXCLUDE,SMLISUZU,SML Isuzu Ltd.
ind_prs28082018.pdf,2018-08-28,2018-09-28,EXCLUDE,UNITECH,Unitech Ltd.
ind_prs28082018.pdf,2018-08-28,2018-09-28,EXCLUDE,ZEELEARN,Zee Learn Ltd.
ind_prs28082018.pdf,2018-08-28,2018-09-28,INCLUDE,BANDHANBNK,Bandhan Bank Ltd.
ind_prs28082018.pdf,2018-08-28,2018-09-28,INCLUDE,ELGIEQUIP,Elgi Equipments Ltd.
ind_prs28082018.pdf,2018-08-28,2018-09-28,INCLUDE,EXCELCROP,Excel Crop Care Ltd.
ind_prs28082018.pdf,2018-08-28,2018-09-28,INCLUDE,FDC,FDC Ltd.
ind_prs28082018.pdf,2018-08-28,2018-09-28,INCLUDE,GALAXYSURF,Galaxy Surfactants Ltd.
ind_prs28082018.pdf,2018-08-28,2018-09-28,INCLUDE,GAYAPROJ,Gayatri Projects Ltd.
ind_prs28082018.pdf,2018-08-28,2018-09-28,INCLUDE,GRINDWELL,Grindwell Norton Ltd.
ind_prs28082018.pdf,2018-08-28,2018-09-28,INCLUDE,HAL,Hindustan Aeronautics Ltd.
ind_prs28082018.pdf,2018-08-28,2018-09-28,INCLUDE,HDFCLIFE,HDFC Standard Life Insurance Company Ltd.
ind_prs28082018.pdf,2018-08-28,2018-09-28,INCLUDE,ISEC,ICICI Securities Ltd.
ind_prs28082018.pdf,2018-08-28,2018-09-28,INCLUDE,LEMONTREE,Lemon Tree Hotels Ltd.
ind_prs28082018.pdf,2018-08-28,2018-09-28,INCLUDE,LINDEINDIA,Linde India Ltd.
ind_prs28082018.pdf,2018-08-28,2018-09-28,INCLUDE,LUXIND,Lux Industries Ltd.
ind_prs28082018.pdf,2018-08-28,2018-09-28,INCLUDE,MAHLOG,Mahindra Logistics Ltd.
ind_prs28082018.pdf,2018-08-28,2018-09-28,INCLUDE,MONSANTO,Monsanto India Ltd.
ind_prs28082018.pdf,2018-08-28,2018-09-28,INCLUDE,NIACL,The New India Assurance Company Ltd.
ind_prs28082018.pdf,2018-08-28,2018-09-28,INCLUDE,PHILIPCARB,Phillips Carbon Black Ltd.
ind_prs28082018.pdf,2018-08-28,2018-09-28,INCLUDE,RNAM,Reliance Nippon Life Asset Management Ltd.
ind_prs28082018.pdf,2018-08-28,2018-09-28,INCLUDE,STAR,Strides Pharma Science Ltd.
ind_prs28082018.pdf,2018-08-28,2018-09-28,INCLUDE,SUNDARMFIN,Sundaram Finance Ltd.
ind_prs28082018.pdf,2018-08-28,2018-09-28,INCLUDE,TEAMLEASE,Teamlease Services Ltd.
ind_prs28082018.pdf,2018-08-28,2018-09-28,INCLUDE,VENKEYS,Venky's (India) Ltd.
ind_prs28082018.pdf,2018-08-28,2018-09-28,INCLUDE,VMART,V-Mart Retail Ltd.
ind_prs28082018.pdf,2018-08-28,2018-09-28,INCLUDE,ZENSARTECH,Zensar Technolgies Ltd.
ind_prs28082018.pdf,2018-08-28,2018-09-28,INCLUDE,ZYDUSWELL,Zydus Wellness Ltd.
ind_prs31082018.pdf,2018-08-31,2018-09-28,EXCLUDE,KPIT,KPIT Technologies Ltd.
ind_prs31082018.pdf,2018-08-31,2018-09-28,INCLUDE,SHILPAMED,Shilpa Medicare Ltd.
ind_prs14122018.pdf,2018-12-14,2018-12-28,EXCLUDE,BHARATFIN,Bharat Financial Inclusion Ltd.
ind_prs14122018.pdf,2018-12-14,2018-12-28,EXCLUDE,CAPF,Capital First Ltd.
ind_prs14122018.pdf,2018-12-14,2018-12-28,EXCLUDE,CENTURYTEX,Century Textile & Industries Ltd.
ind_prs14122018.pdf,2018-12-14,2018-12-28,EXCLUDE,HSIL,HSIL Ltd.
ind_prs14122018.pdf,2018-12-14,2018-12-28,EXCLUDE,IIFL,IIFL Holdings Ltd.
ind_prs14122018.pdf,2018-12-14,2018-12-28,INCLUDE,ADANIGREEN,Adani Green Energy Ltd.
ind_prs14122018.pdf,2018-12-14,2018-12-28,INCLUDE,FORTIS,Fortis Healthcare Ltd.
ind_prs14122018.pdf,2018-12-14,2018-12-28,INCLUDE,RITES,RITES Ltd.
ind_prs14122018.pdf,2018-12-14,2018-12-28,INCLUDE,SFL,Sheela Foam Ltd.
ind_prs14122018.pdf,2018-12-14,2018-12-28,INCLUDE,VARROC,Varroc Engineering Ltd.
ind_prs21012019.pdf,2019-01-21,2019-01-28,EXCLUDE,DENABANK,Dena Bank
ind_prs21012019.pdf,2019-01-21,2019-01-28,EXCLUDE,VIJAYABANK,Vijaya Bank
ind_prs21012019.pdf,2019-01-21,2019-01-28,INCLUDE,CORPBANK,Corporation Bank
ind_prs21012019.pdf,2019-01-21,2019-01-28,INCLUDE,CREDITACC,CreditAccess Grameen Ltd.
ind_prs25022019.pdf,2019-02-25,2019-03-29,EXCLUDE,8KMILES,8K Miles Soft Services Ltd.
ind_prs25022019.pdf,2019-02-25,2019-03-29,EXCLUDE,AARTIIND,Aarti Industries Ltd.
ind_prs25022019.pdf,2019-02-25,2019-03-29,EXCLUDE,DEN,Den Networks Ltd.
ind_prs25022019.pdf,2019-02-25,2019-03-29,EXCLUDE,DREDGECORP,Dredging Corporation of India Ltd.
ind_prs25022019.pdf,2019-02-25,2019-03-29,EXCLUDE,EROSMEDIA,Eros Intl Media Ltd.
ind_prs25022019.pdf,2019-02-25,2019-03-29,EXCLUDE,EVEREADY,Eveready Industries India Ltd.
ind_prs25022019.pdf,2019-02-25,2019-03-29,EXCLUDE,GREENPLY,Greenply Industries Ltd.
ind_prs25022019.pdf,2019-02-25,2019-03-29,EXCLUDE,GVKPIL,GVK Power & Infrastructures Ltd.
ind_prs25022019.pdf,2019-02-25,2019-03-29,EXCLUDE,HCC,Hindustan Construction Co. Ltd.
ind_prs25022019.pdf,2019-02-25,2019-03-29,EXCLUDE,HCL-INSYS,HCL Infosystems Ltd.
ind_prs25022019.pdf,2019-02-25,2019-03-29,EXCLUDE,ICIL,Indo Count Industries Ltd.
ind_prs25022019.pdf,2019-02-25,2019-03-29,EXCLUDE,IL&FSTRANS,IL&FS Transportation Networks Ltd.
ind_prs25022019.pdf,2019-02-25,2019-03-29,EXCLUDE,JKIL,J.Kumar Infraprojects Ltd.
ind_prs25022019.pdf,2019-02-25,2019-03-29,EXCLUDE,JPPOWER,Jaiprakash Power Ventures Ltd.
ind_prs25022019.pdf,2019-02-25,2019-03-29,EXCLUDE,MANPASAND,Manpasand Beverages Ltd.
ind_prs25022019.pdf,2019-02-25,2019-03-29,EXCLUDE,MCLEODRUSS,McLeod Russel India Ltd.
ind_prs25022019.pdf,2019-02-25,2019-03-29,EXCLUDE,NAVKARCORP,Navkar Corporation Ltd.
ind_prs25022019.pdf,2019-02-25,2019-03-29,EXCLUDE,PFS,PTC India Fin Serv Ltd.
ind_prs25022019.pdf,2019-02-25,2019-03-29,EXCLUDE,RNAVAL,Reliance Naval and Engineering Ltd.
ind_prs25022019.pdf,2019-02-25,2019-03-29,EXCLUDE,SADBHIN,Sadbhav Infrastructure Project Ltd.
ind_prs25022019.pdf,2019-02-25,2019-03-29,EXCLUDE,TATASPONGE,Tata Sponge Iron Ltd.
ind_prs25022019.pdf,2019-02-25,2019-03-29,EXCLUDE,TEXRAIL,Texmaco Rail & Eng. Ltd.
ind_prs25022019.pdf,2019-02-25,2019-03-29,EXCLUDE,TVSSRICHAK,TVS Srichakra Ltd.
ind_prs25022019.pdf,2019-02-25,2019-03-29,EXCLUDE,UNICHEMLAB,Unichem Laboratories Ltd.
ind_prs25022019.pdf,2019-02-25,2019-03-29,INCLUDE,AAVAS,Aavas Financiers Ltd.
ind_prs25022019.pdf,2019-02-25,2019-03-29,INCLUDE,ASTRAZEN,AstraZenca Pharma India Ltd.
ind_prs25022019.pdf,2019-02-25,2019-03-29,INCLUDE,CESC,CESC Ltd.
ind_prs25022019.pdf,2019-02-25,2019-03-29,INCLUDE,COX&KINGS,Cox & Kings Ltd.
ind_prs25022019.pdf,2019-02-25,2019-03-29,INCLUDE,DEEPAKNTR,Deepak Nitrite Ltd.
ind_prs25022019.pdf,2019-02-25,2019-03-29,INCLUDE,ESSELPACK,Essel Propack Ltd.
ind_prs25022019.pdf,2019-02-25,2019-03-29,INCLUDE,FINEORG,Fine Organic Industries Ltd.
ind_prs25022019.pdf,2019-02-25,2019-03-29,INCLUDE,HDFCAMC,HDFC Asset Management Company Ltd.
ind_prs25022019.pdf,2019-02-25,2019-03-29,INCLUDE,IBULISL,Indiabulls Integrated Services Ltd.
ind_prs25022019.pdf,2019-02-25,2019-03-29,INCLUDE,ICRA,ICRA Ltd.
ind_prs25022019.pdf,2019-02-25,2019-03-29,INCLUDE,INDOSTAR,IndoStar Capital Finance Ltd.
ind_prs25022019.pdf,2019-02-25,2019-03-29,INCLUDE,IRCON,IRCON International Ltd.
ind_prs25022019.pdf,2019-02-25,2019-03-29,INCLUDE,JAMNAAUTO,Jamna Auto Industries Ltd.
ind_prs25022019.pdf,2019-02-25,2019-03-29,INCLUDE,JKPAPER,JK Paper Ltd.
ind_prs25022019.pdf,2019-02-25,2019-03-29,INCLUDE,KEI,KEI Industries Ltd.
ind_prs25022019.pdf,2019-02-25,2019-03-29,INCLUDE,KIRLOSENG,Kirloskar Oil Eng Ltd.
ind_prs25022019.pdf,2019-02-25,2019-03-29,INCLUDE,MAHABANK,Bank of Maharashtra.
ind_prs25022019.pdf,2019-02-25,2019-03-29,INCLUDE,MAHSCOOTER,Maharashtra Scooters Ltd.
ind_prs25022019.pdf,2019-02-25,2019-03-29,INCLUDE,MAHSEAMLES,Maharashtra Seamless Ltd.
ind_prs25022019.pdf,2019-02-25,2019-03-29,INCLUDE,ORIENTELEC,Orient Electric Ltd.
ind_prs25022019.pdf,2019-02-25,2019-03-29,INCLUDE,SHARDACROP,Sharda Cropchem Ltd.
ind_prs25022019.pdf,2019-02-25,2019-03-29,INCLUDE,SUPRAJIT,Suprajit Engineering Ltd.
ind_prs25022019.pdf,2019-02-25,2019-03-29,INCLUDE,TCNSBRANDS,TCNS Clothing Co. Ltd.
ind_prs25022019.pdf,2019-02-25,2019-03-29,INCLUDE,TRITURBINE,Triveni Turbine Ltd.
ind_prs25022019.pdf,2019-02-25,2019-03-29,INCLUDE,VSTIND,VST Industries Ltd.
ind_prs08042019.pdf,2019-04-08,2019-04-15,EXCLUDE,EXCELCROP,Excel Crop Care Ltd.
ind_prs08042019.pdf,2019-04-08,2019-04-15,INCLUDE,SUNCLAYLTD,Sundaram Clayton Ltd.
ind_prs13062019.pdf,2019-06-13,2019-06-28,EXCLUDE,GUJFLUORO,Gujarat Fluorochemicals Ltd.
ind_prs13062019.pdf,2019-06-13,2019-06-28,EXCLUDE,MONSANTO,Monsanto India Ltd.
ind_prs13062019.pdf,2019-06-13,2019-06-28,INCLUDE,CHALET,Chalet Hotels Ltd.
ind_prs13062019.pdf,2019-06-13,2019-06-28,INCLUDE,DALBHARAT,Dalmia Bharat Ltd.
ind_prs17092019_1.pdf,2019-09-17,2019-09-24,EXCLUDE,JETAIRWAYS,Jet Airways (India) Ltd.
ind_prs17092019_1.pdf,2019-09-17,2019-09-24,INCLUDE,VAIBHAVGBL,Vaibhav Global Ltd.
ind_prs17092019.pdf,2019-09-17,2019-09-27,EXCLUDE,THOMASCOOK,Thomas Cook (India) Ltd.
ind_prs17092019.pdf,2019-09-17,2019-09-27,INCLUDE,IIFL,IIFL Finance Ltd.
ind_prs28082019.pdf,2019-08-28,2019-09-27,EXCLUDE,ABB,ABB India Ltd.*
ind_prs28082019.pdf,2019-08-28,2019-09-27,EXCLUDE,DEEPAKFERT,Deepak Fertilisers & Petrochemicals Corp. Ltd.
ind_prs28082019.pdf,2019-08-28,2019-09-27,EXCLUDE,GDL,Gateway Distriparks Ltd.
ind_prs28082019.pdf,2019-08-28,2019-09-27,EXCLUDE,GRUH,Gruh Finance Ltd.*
ind_prs28082019.pdf,2019-08-28,2019-09-27,EXCLUDE,GSKCONS,GlaxoSmithkline Consumer Healthcare Ltd.*
ind_prs28082019.pdf,2019-08-28,2019-09-27,EXCLUDE,INDOCO,Indoco Remedies Ltd.
ind_prs28082019.pdf,2019-08-28,2019-09-27,EXCLUDE,INOXWIND,Inox Wind Ltd.
ind_prs28082019.pdf,2019-08-28,2019-09-27,EXCLUDE,JPASSOCIAT,Jaiprakash Associates Ltd.
ind_prs28082019.pdf,2019-08-28,2019-09-27,EXCLUDE,KIOCL,KIOCL Ltd.
ind_prs28082019.pdf,2019-08-28,2019-09-27,EXCLUDE,RCOM,Reliance Communications Ltd.
ind_prs28082019.pdf,2019-08-28,2019-09-27,EXCLUDE,RHFL,Reliance Home Finance Ltd.
ind_prs28082019.pdf,2019-08-28,2019-09-27,EXCLUDE,RKFORGE,Ramkrishna Forgings Ltd.
ind_prs28082019.pdf,2019-08-28,2019-09-27,EXCLUDE,RUPA,Rupa & Company Ltd.
ind_prs28082019.pdf,2019-08-28,2019-09-27,EXCLUDE,SCI,Shipping Corporation of India Ltd.
ind_prs28082019.pdf,2019-08-28,2019-09-27,EXCLUDE,SHANKARA,Shankara Building Products Ltd.
ind_prs28082019.pdf,2019-08-28,2019-09-27,EXCLUDE,SHARDACROP,Sharda Cropchem Ltd.
ind_prs28082019.pdf,2019-08-28,2019-09-27,EXCLUDE,SPTL,Sintex Plastics Technology Ltd.
ind_prs28082019.pdf,2019-08-28,2019-09-27,EXCLUDE,SREINFRA,SREI Infrastructure Finance Ltd.
ind_prs28082019.pdf,2019-08-28,2019-09-27,EXCLUDE,TATACOFFEE,Tata Coffee Ltd.
ind_prs28082019.pdf,2019-08-28,2019-09-27,EXCLUDE,TNPL,Tamil Nadu Newsprint & Papers Ltd.
ind_prs28082019.pdf,2019-08-28,2019-09-27,EXCLUDE,TRITURBINE,Triveni Turbine Ltd.
ind_prs28082019.pdf,2019-08-28,2019-09-27,INCLUDE,ABBOTINDIA,Abbott India Ltd.
ind_prs28082019.pdf,2019-08-28,2019-09-27,INCLUDE,ADANIGAS,Adani Gas Ltd.
ind_prs28082019.pdf,2019-08-28,2019-09-27,INCLUDE,AMBER,Amber Enterprises India Ltd.
ind_prs28082019.pdf,2019-08-28,2019-09-27,INCLUDE,ARVINDFASN,Arvind Fashions Ltd.
ind_prs28082019.pdf,2019-08-28,2019-09-27,INCLUDE,BAYERCROP,Bayer Cropscience Ltd.
ind_prs28082019.pdf,2019-08-28,2019-09-27,INCLUDE,BSOFT,Birlasoft Ltd.
ind_prs28082019.pdf,2019-08-28,2019-09-27,INCLUDE,CGCL,Capri Global Capital Ltd.
ind_prs28082019.pdf,2019-08-28,2019-09-27,INCLUDE,DEN,Den Networks Ltd.
ind_prs28082019.pdf,2019-08-28,2019-09-27,INCLUDE,FMGOETZE,Federal-Mogul Goetze (India) Ltd.
ind_prs28082019.pdf,2019-08-28,2019-09-27,INCLUDE,GARFIBRES,Garware Technical Fibres Ltd.
ind_prs28082019.pdf,2019-08-28,2019-09-27,INCLUDE,KPITTECH,KPIT Technologies Ltd.
ind_prs28082019.pdf,2019-08-28,2019-09-27,INCLUDE,MCX,Multi Commodity Exchange of India Ltd.
ind_prs28082019.pdf,2019-08-28,2019-09-27,INCLUDE,METROPOLIS,Metropolis Healthcare Ltd.
ind_prs28082019.pdf,2019-08-28,2019-09-27,INCLUDE,NESTLEIND,Nestle India Ltd.
ind_prs28082019.pdf,2019-08-28,2019-09-27,INCLUDE,ORIENTREF,Orient Refractories Ltd.
ind_prs28082019.pdf,2019-08-28,2019-09-27,INCLUDE,POLYCAB,Polycab India Ltd.
ind_prs28082019.pdf,2019-08-28,2019-09-27,INCLUDE,RATNAMANI,Ratnamani Metals & Tubes Ltd.
ind_prs28082019.pdf,2019-08-28,2019-09-27,INCLUDE,RVNL,Rail Vikas Nigam Ltd.
ind_prs28082019.pdf,2019-08-28,2019-09-27,INCLUDE,TCIEXP,TCI Express Ltd.
ind_prs28082019.pdf,2019-08-28,2019-09-27,INCLUDE,TECHNOE,Techno Electric & Engineering Company Ltd.
ind_prs18122019.pdf,2019-12-18,2019-12-26,EXCLUDE,CGPOWER,CG Power and Industrial Solutions Ltd.
ind_prs18122019.pdf,2019-12-18,2019-12-26,EXCLUDE,COFFEEDAY,Coffee Day Enterprises Ltd.
ind_prs18122019.pdf,2019-12-18,2019-12-26,EXCLUDE,COX&KINGS,Cox & Kings Ltd.
ind_prs18122019.pdf,2019-12-18,2019-12-26,INCLUDE,AFFLE,Affle (India) Ltd.
ind_prs18122019.pdf,2019-12-18,2019-12-26,INCLUDE,MIDHANI,Mishra Dhatu Nigam Ltd.
ind_prs18122019.pdf,2019-12-18,2019-12-26,INCLUDE,RESPONIND,Responsive Industries Ltd.
ind_prs19122019.pdf,2019-12-19,2019-12-27,EXCLUDE,DEN,Den Networks Ltd.
ind_prs19122019.pdf,2019-12-19,2019-12-27,EXCLUDE,HATHWAY,Hathway Cable & Datacom Ltd.
ind_prs19122019.pdf,2019-12-19,2019-12-27,INCLUDE,KENNAMET,Kennametal India Ltd.
ind_prs19122019.pdf,2019-12-19,2019-12-27,INCLUDE,TASTYBITE,Tasty Bite Eatables Ltd.
ind_prs09012020.pdf,2020-01-09,2020-01-16,EXCLUDE,SUVEN,Suven Life Sciences Ltd.
ind_prs09012020.pdf,2020-01-09,2020-01-16,INCLUDE,TATASTLBSL,Tata Steel BSL Ltd.
ind_prs16032020.pdf,2020-03-16,2020-03-19,EXCLUDE,YESBANK,Yes Bank Ltd.
ind_prs16032020.pdf,2020-03-16,2020-03-19,INCLUDE,SWSOLAR,Sterling And Wilson Solar Ltd.
ind_prs12032020.pdf,2020-03-12,2020-03-27,EXCLUDE,GAYAPROJ,Gayatri Projects Ltd.
ind_prs12032020.pdf,2020-03-12,2020-03-27,INCLUDE,SHILPAMED,Shilpa Medicare Ltd.*
ind_prs18022020.pdf,2020-02-18,2020-03-27,EXCLUDE,BLISSGVS,Bliss GVS Pharma Ltd.
ind_prs18022020.pdf,2020-02-18,2020-03-27,EXCLUDE,DHFL,Dewan Housing Finance Corporation Ltd.
ind_prs18022020.pdf,2020-02-18,2020-03-27,EXCLUDE,IBULISL,Indiabulls Integrated Services Ltd.
ind_prs18022020.pdf,2020-02-18,2020-03-27,EXCLUDE,IFCI,IFCI Ltd.
ind_prs18022020.pdf,2020-02-18,2020-03-27,EXCLUDE,ITDCEM,ITD Cementation India Ltd.
ind_prs18022020.pdf,2020-02-18,2020-03-27,EXCLUDE,JISLJALEQS,Jain Irrigation Systems Ltd.
ind_prs18022020.pdf,2020-02-18,2020-03-27,EXCLUDE,KENNAMET,Kennametal India Ltd.
ind_prs18022020.pdf,2020-02-18,2020-03-27,EXCLUDE,KIRLOSENG,Kirloskar Oil Eng Ltd.
ind_prs18022020.pdf,2020-02-18,2020-03-27,EXCLUDE,LAKSHVILAS,Lakshmi Vilas Bank Ltd.
ind_prs18022020.pdf,2020-02-18,2020-03-27,EXCLUDE,MAGMA,Magma Fincorp Ltd.
ind_prs18022020.pdf,2020-02-18,2020-03-27,EXCLUDE,NFL,National Fertilizers Ltd.
ind_prs18022020.pdf,2020-02-18,2020-03-27,EXCLUDE,PARAGMILK,Parag Milk Foods Ltd.
ind_prs18022020.pdf,2020-02-18,2020-03-27,EXCLUDE,PCJEWELLER,PC Jeweller Ltd.
ind_prs18022020.pdf,2020-02-18,2020-03-27,EXCLUDE,RELCAPITAL,Reliance Capital Ltd.
ind_prs18022020.pdf,2020-02-18,2020-03-27,EXCLUDE,RELINFRA,Reliance Infrastructure Ltd.
ind_prs18022020.pdf,2020-02-18,2020-03-27,EXCLUDE,RPOWER,Reliance Power Ltd.
ind_prs18022020.pdf,2020-02-18,2020-03-27,EXCLUDE,SHILPAMED,Shilpa Medicare Ltd.
ind_prs18022020.pdf,2020-02-18,2020-03-27,EXCLUDE,SUNCLAYLTD,Sundaram Clayton Ltd.
ind_prs18022020.pdf,2020-02-18,2020-03-27,EXCLUDE,TASTYBITE,Tasty Bite Eatables Ltd.
ind_prs18022020.pdf,2020-02-18,2020-03-27,EXCLUDE,WABAG,Va Tech Wabag Ltd.
ind_prs18022020.pdf,2020-02-18,2020-03-27,INCLUDE,BHARATRAS,Bharat Rasayan Ltd.
ind_prs18022020.pdf,2020-02-18,2020-03-27,INCLUDE,CENTURYTEX,Century Textile & Industries Ltd.
ind_prs18022020.pdf,2020-02-18,2020-03-27,INCLUDE,FLUOROCHEM,Gujarat Fluorochemicals Ltd.
ind_prs18022020.pdf,2020-02-18,2020-03-27,INCLUDE,FSC,Future Supply Chain Solutions Ltd.
ind_prs18022020.pdf,2020-02-18,2020-03-27,INCLUDE,GMMPFAUDLR,GMM Pfaudler Ltd.
ind_prs18022020.pdf,2020-02-18,2020-03-27,INCLUDE,GRSE,Garden Reach Shipbuilders & Engineers Ltd.
ind_prs18022020.pdf,2020-02-18,2020-03-27,INCLUDE,HATHWAY,Hathway Cable & Datacom Ltd.
ind_prs18022020.pdf,2020-02-18,2020-03-27,INCLUDE,IIFLWAM,IIFL Wealth Management Ltd.
ind_prs18022020.pdf,2020-02-18,2020-03-27,INCLUDE,INGERRAND,Ingersoll Rand (India) Ltd.
ind_prs18022020.pdf,2020-02-18,2020-03-27,INCLUDE,IRCTC,Indian Railway Catering And Tourism Corp. Ltd.
ind_prs18022020.pdf,2020-02-18,2020-03-27,INCLUDE,JTEKTINDIA,JTEKT India Ltd.
ind_prs18022020.pdf,2020-02-18,2020-03-27,INCLUDE,MAHLIFE,Mahindra Lifespace Developers Ltd.
ind_prs18022020.pdf,2020-02-18,2020-03-27,INCLUDE,NAVNETEDUL,Navneet Education Ltd.
ind_prs18022020.pdf,2020-02-18,2020-03-27,INCLUDE,SCI,Shipping Corporation of India Ltd.
ind_prs18022020.pdf,2020-02-18,2020-03-27,INCLUDE,SHARDACROP,Sharda Cropchem Ltd.
ind_prs18022020.pdf,2020-02-18,2020-03-27,INCLUDE,SWSOLAR,Sterling And Wilson Solar Ltd.
ind_prs18022020.pdf,2020-02-18,2020-03-27,INCLUDE,TATACOMM,Tata Communications Ltd.
ind_prs18022020.pdf,2020-02-18,2020-03-27,INCLUDE,TATASTLLP,Tata Steel Long Products Ltd.
ind_prs18022020.pdf,2020-02-18,2020-03-27,INCLUDE,TCI,Transport Corporation of India Ltd.
ind_prs18022020.pdf,2020-02-18,2020-03-27,INCLUDE,VESUVIUS,Vesuvius India Ltd.
ind_prs19032020.pdf,2020-03-19,2020-03-27,INCLUDE,ALKYLAMINE,Alkyl Amines Chemicals Ltd.
ind_prs10062020.pdf,2020-06-10,2020-06-26,EXCLUDE,CHALET,Chalet Hotels Ltd.
ind_prs10062020.pdf,2020-06-10,2020-06-26,EXCLUDE,DHFL,Dewan Housing Finance Corporation Ltd.
ind_prs10062020.pdf,2020-06-10,2020-06-26,EXCLUDE,FLFL,Future Lifestyle Fashions Ltd.
ind_prs10062020.pdf,2020-06-10,2020-06-26,EXCLUDE,FMGOETZE,Federal-Mogul Goetze (India) Ltd.
ind_prs10062020.pdf,2020-06-10,2020-06-26,EXCLUDE,GAYAPROJ,Gayatri Projects Ltd.
ind_prs10062020.pdf,2020-06-10,2020-06-26,EXCLUDE,IBULISL,Indiabulls Integrated Services Ltd.
ind_prs10062020.pdf,2020-06-10,2020-06-26,EXCLUDE,ITDCEM,ITD Cementation India Ltd.
ind_prs10062020.pdf,2020-06-10,2020-06-26,EXCLUDE,JISLJALEQS,Jain Irrigation Systems Ltd.
ind_prs10062020.pdf,2020-06-10,2020-06-26,EXCLUDE,KENNAMET,Kennametal India Ltd.
ind_prs10062020.pdf,2020-06-10,2020-06-26,EXCLUDE,KIRLOSENG,Kirloskar Oil Eng Ltd.
ind_prs10062020.pdf,2020-06-10,2020-06-26,EXCLUDE,LAKSHVILAS,Lakshmi Vilas Bank Ltd.
ind_prs10062020.pdf,2020-06-10,2020-06-26,EXCLUDE,MAGMA,Magma Fincorp Ltd.
ind_prs10062020.pdf,2020-06-10,2020-06-26,EXCLUDE,NETWORK18,Network18 Media & Investments Ltd.
ind_prs10062020.pdf,2020-06-10,2020-06-26,EXCLUDE,PARAGMILK,Parag Milk Foods Ltd.
ind_prs10062020.pdf,2020-06-10,2020-06-26,EXCLUDE,PCJEWELLER,PC Jeweller Ltd.
ind_prs10062020.pdf,2020-06-10,2020-06-26,EXCLUDE,RELCAPITAL,Reliance Capital Ltd.
ind_prs10062020.pdf,2020-06-10,2020-06-26,EXCLUDE,RELINFRA,Reliance Infrastructure Ltd.
ind_prs10062020.pdf,2020-06-10,2020-06-26,EXCLUDE,RESPONIND,Responsive Industries Ltd.
ind_prs10062020.pdf,2020-06-10,2020-06-26,EXCLUDE,RPOWER,Reliance Power Ltd.
ind_prs10062020.pdf,2020-06-10,2020-06-26,EXCLUDE,SHILPAMED,Shilpa Medicare Ltd.
ind_prs10062020.pdf,2020-06-10,2020-06-26,EXCLUDE,SHK,S H Kelkar and Company Ltd.
ind_prs10062020.pdf,2020-06-10,2020-06-26,EXCLUDE,SUNCLAYLTD,Sundaram Clayton Ltd.
ind_prs10062020.pdf,2020-06-10,2020-06-26,EXCLUDE,TECHNOE,Techno Electric & Engineering Company Ltd.
ind_prs10062020.pdf,2020-06-10,2020-06-26,EXCLUDE,TRITURBINE,Triveni Turbine Ltd.
ind_prs10062020.pdf,2020-06-10,2020-06-26,EXCLUDE,WABAG,Va Tech Wabag Ltd.
ind_prs10062020.pdf,2020-06-10,2020-06-26,INCLUDE,ABB,ABB India Ltd.
ind_prs10062020.pdf,2020-06-10,2020-06-26,INCLUDE,ALKYLAMINE,Alkyl Amines Chemicals Ltd.
ind_prs10062020.pdf,2020-06-10,2020-06-26,INCLUDE,BHARATRAS,Bharat Rasayan Ltd.
ind_prs10062020.pdf,2020-06-10,2020-06-26,INCLUDE,CENTURYTEX,Century Textile & Industries Ltd.
ind_prs10062020.pdf,2020-06-10,2020-06-26,INCLUDE,CSBBANK,CSB Bank Ltd.
ind_prs10062020.pdf,2020-06-10,2020-06-26,INCLUDE,DHANUKA,Dhanuka Agritech Ltd.
ind_prs10062020.pdf,2020-06-10,2020-06-26,INCLUDE,ESABINDIA,ESAB India Ltd.
ind_prs10062020.pdf,2020-06-10,2020-06-26,INCLUDE,FLUOROCHEM,Gujarat Fluorochemicals Ltd.
ind_prs10062020.pdf,2020-06-10,2020-06-26,INCLUDE,GMMPFAUDLR,GMM Pfaudler Ltd.
ind_prs10062020.pdf,2020-06-10,2020-06-26,INCLUDE,GRSE,Garden Reach Shipbuilders & Engineers Ltd.
ind_prs10062020.pdf,2020-06-10,2020-06-26,INCLUDE,HATHWAY,Hathway Cable & Datacom Ltd.
ind_prs10062020.pdf,2020-06-10,2020-06-26,INCLUDE,IIFLWAM,IIFL Wealth Management Ltd.
ind_prs10062020.pdf,2020-06-10,2020-06-26,INCLUDE,INDOCO,Indoco Remedies Ltd.
ind_prs10062020.pdf,2020-06-10,2020-06-26,INCLUDE,INGERRAND,Ingersoll Rand (India) Ltd.
ind_prs10062020.pdf,2020-06-10,2020-06-26,INCLUDE,KSB,KSB Ltd.
ind_prs10062020.pdf,2020-06-10,2020-06-26,INCLUDE,LAOPALA,La Opala RG Ltd.
ind_prs10062020.pdf,2020-06-10,2020-06-26,INCLUDE,POLYMED,Poly Medicure Ltd.
ind_prs10062020.pdf,2020-06-10,2020-06-26,INCLUDE,SCHNEIDER,Schneider Electric Infrastructure Ltd.
ind_prs10062020.pdf,2020-06-10,2020-06-26,INCLUDE,SCI,Shipping Corporation of India Ltd.
ind_prs10062020.pdf,2020-06-10,2020-06-26,INCLUDE,SEQUENT,Sequent Scientific Ltd.
ind_prs10062020.pdf,2020-06-10,2020-06-26,INCLUDE,SUMICHEM,Sumitomo Chemical India Ltd.
ind_prs10062020.pdf,2020-06-10,2020-06-26,INCLUDE,TATACOMM,Tata Communications Ltd.
ind_prs10062020.pdf,2020-06-10,2020-06-26,INCLUDE,UJJIVANSFB,Ujjivan Small Finance Bank Ltd.
ind_prs10062020.pdf,2020-06-10,2020-06-26,INCLUDE,VESUVIUS,Vesuvius India Ltd.
ind_prs02072020_1.pdf,2020-07-02,2020-07-31,EXCLUDE,VEDL,Vedanta Ltd.
ind_prs02072020_1.pdf,2020-07-02,2020-07-31,INCLUDE,SBICARD,SBI Cards and Payment Services Ltd.
ind_prs07092020.pdf,2020-09-07,2020-09-14,EXCLUDE,ARVINDFASN,Arvind Fashions Ltd.
ind_prs07092020.pdf,2020-09-07,2020-09-14,EXCLUDE,ASAHIINDIA,Asahi India Glass Ltd.
ind_prs07092020.pdf,2020-09-07,2020-09-14,EXCLUDE,KPITTECH,KPIT Technologies Ltd.
ind_prs07092020.pdf,2020-09-07,2020-09-14,EXCLUDE,REPCOHOME,Repco Home Finance Ltd.
ind_prs07092020.pdf,2020-09-07,2020-09-14,EXCLUDE,SPANDANA,Spandana Sphoorty Financial Ltd.
ind_prs07092020.pdf,2020-09-07,2020-09-14,INCLUDE,JTEKTINDIA,JTEKT India Ltd.
ind_prs07092020.pdf,2020-09-07,2020-09-14,INCLUDE,NOCIL,NOCIL Ltd.
ind_prs07092020.pdf,2020-09-07,2020-09-14,INCLUDE,PSPPROJECT,PSP Projects Ltd.
ind_prs07092020.pdf,2020-09-07,2020-09-14,INCLUDE,SWARAJENG,Swaraj Engines Ltd.
ind_prs07092020.pdf,2020-09-07,2020-09-14,INCLUDE,TATACOFFEE,Tata Coffee Ltd.
ind_prs20082020.pdf,2020-08-20,2020-09-25,EXCLUDE,ADANIPOWER,Adani Power Ltd.*
ind_prs20082020.pdf,2020-08-20,2020-09-25,EXCLUDE,GET&D,GE T&D India Ltd.
ind_prs20082020.pdf,2020-08-20,2020-09-25,EXCLUDE,HEXAWARE,Hexaware Technologies Ltd.*
ind_prs20082020.pdf,2020-08-20,2020-09-25,EXCLUDE,HIMATSEIDE,Himatsingka Seide Ltd.
ind_prs20082020.pdf,2020-08-20,2020-09-25,EXCLUDE,IFCI,IFCI Ltd.
ind_prs20082020.pdf,2020-08-20,2020-09-25,EXCLUDE,INDOSTAR,IndoStar Capital Finance Ltd.
ind_prs20082020.pdf,2020-08-20,2020-09-25,EXCLUDE,INTELLECT,Intellect Design Arena Ltd.
ind_prs20082020.pdf,2020-08-20,2020-09-25,EXCLUDE,ITDC,India Tourism Development Corporation Ltd.
ind_prs20082020.pdf,2020-08-20,2020-09-25,EXCLUDE,JUBILANT,Jubilant Life Sciences Ltd.#
ind_prs20082020.pdf,2020-08-20,2020-09-25,EXCLUDE,KPRMILL,K.P.R. Mill Ltd.
ind_prs20082020.pdf,2020-08-20,2020-09-25,EXCLUDE,MAHINDCIE,Mahindra CIE Automotive Ltd.
ind_prs20082020.pdf,2020-08-20,2020-09-25,EXCLUDE,NBVENTURES,Nava Bharat Ventures Ltd.
ind_prs20082020.pdf,2020-08-20,2020-09-25,EXCLUDE,RENUKA,Shree Renuka Sugars Ltd.
ind_prs20082020.pdf,2020-08-20,2020-09-25,EXCLUDE,SADBHAV,Sadbhav Engineering Ltd.
ind_prs20082020.pdf,2020-08-20,2020-09-25,EXCLUDE,TAKE,Take Solutions Ltd.
ind_prs20082020.pdf,2020-08-20,2020-09-25,EXCLUDE,TIMETECHNO,Time Technoplast Ltd.
ind_prs20082020.pdf,2020-08-20,2020-09-25,EXCLUDE,VESUVIUS,Vesuvius India Ltd.
ind_prs20082020.pdf,2020-08-20,2020-09-25,INCLUDE,AARTIDRUGS,Aarti Drugs Ltd.
ind_prs20082020.pdf,2020-08-20,2020-09-25,INCLUDE,ADANIENT,Adani Enterprises Ltd.
ind_prs20082020.pdf,2020-08-20,2020-09-25,INCLUDE,ALEMBICLTD,Alembic Ltd.
ind_prs20082020.pdf,2020-08-20,2020-09-25,INCLUDE,ALOKINDS,Alok Industries Ltd.
ind_prs20082020.pdf,2020-08-20,2020-09-25,INCLUDE,CHALET,Chalet Hotels Ltd.
ind_prs20082020.pdf,2020-08-20,2020-09-25,INCLUDE,GAEL,Gujarat Ambuja Exports Ltd.
ind_prs20082020.pdf,2020-08-20,2020-09-25,INCLUDE,IOLCP,IOL Chem and Pharma Ltd.
ind_prs20082020.pdf,2020-08-20,2020-09-25,INCLUDE,NAVNETEDUL,Navneet Education Ltd.
ind_prs20082020.pdf,2020-08-20,2020-09-25,INCLUDE,PAPERPROD,Huhtamaki PPL Ltd.
ind_prs20082020.pdf,2020-08-20,2020-09-25,INCLUDE,POLYPLEX,Polyplex Corporation Ltd.
ind_prs20082020.pdf,2020-08-20,2020-09-25,INCLUDE,POWERINDIA,ABB Power Products and Systems India Ltd.
ind_prs20082020.pdf,2020-08-20,2020-09-25,INCLUDE,SHILPAMED,Shilpa Medicare Ltd.
ind_prs20082020.pdf,2020-08-20,2020-09-25,INCLUDE,SOLARA,Solara Active Pharma Sciences Ltd.
ind_prs20082020.pdf,2020-08-20,2020-09-25,INCLUDE,SUPPETRO,Supreme Petrochem Ltd.
ind_prs20082020.pdf,2020-08-20,2020-09-25,INCLUDE,SUVENPHAR,Suven Pharmaceuticals Ltd.
ind_prs20082020.pdf,2020-08-20,2020-09-25,INCLUDE,TATACHEM,Tata Chemicals Ltd.
ind_prs20082020.pdf,2020-08-20,2020-09-25,INCLUDE,YESBANK,Yes Bank Ltd.
ind_prs26102020.pdf,2020-10-26,2020-11-02,EXCLUDE,ALLCARGO,Allcargo Logistics Ltd.
ind_prs26102020.pdf,2020-10-26,2020-11-02,INCLUDE,NETWORK18,Network18 Media & Investments Ltd.
ind_prs18112020.pdf,2020-11-18,2020-11-25,EXCLUDE,INFIBEAM,Infibeam Avenues Ltd.
ind_prs18112020.pdf,2020-11-18,2020-11-25,INCLUDE,MAHINDCIE,Mahindra CIE Automotive Ltd.
ind_prs23022021.pdf,2021-02-23,2021-03-31,EXCLUDE,BOMDYEING,Bombay Dyeing & Manufacturing Co. Ltd.
ind_prs23022021.pdf,2021-02-23,2021-03-31,EXCLUDE,CARERATING,CARE Ratings Ltd.
ind_prs23022021.pdf,2021-02-23,2021-03-31,EXCLUDE,CHENNPETRO,Chennai Petroleum Corporation Ltd.
ind_prs23022021.pdf,2021-02-23,2021-03-31,EXCLUDE,DBCORP,D.B.Corp Ltd.
ind_prs23022021.pdf,2021-02-23,2021-03-31,EXCLUDE,ESABINDIA,ESAB India Ltd.
ind_prs23022021.pdf,2021-02-23,2021-03-31,EXCLUDE,GMDCLTD,Gujarat Mineral Development Corporation Ltd.
ind_prs23022021.pdf,2021-02-23,2021-03-31,EXCLUDE,HATHWAY,Hathway Cable & Datacom Ltd.
ind_prs23022021.pdf,2021-02-23,2021-03-31,EXCLUDE,HERITGFOOD,Heritage Foods Ltd.
ind_prs23022021.pdf,2021-02-23,2021-03-31,EXCLUDE,ICRA,ICRA Ltd.
ind_prs23022021.pdf,2021-02-23,2021-03-31,EXCLUDE,J&KBANK,Jammu & Kashmir Bank Ltd.
ind_prs23022021.pdf,2021-02-23,2021-03-31,EXCLUDE,JAGRAN,Jagran Prakashan Ltd.
ind_prs23022021.pdf,2021-02-23,2021-03-31,EXCLUDE,JAICORPLTD,Jai Corp Ltd.
ind_prs23022021.pdf,2021-02-23,2021-03-31,EXCLUDE,KOLTEPATIL,Kolte-Patil Developers Ltd.
ind_prs23022021.pdf,2021-02-23,2021-03-31,EXCLUDE,KTKBANK,Karnataka Bank Ltd.
ind_prs23022021.pdf,2021-02-23,2021-03-31,EXCLUDE,NAVNETEDUL,Navneet Education Ltd.
ind_prs23022021.pdf,2021-02-23,2021-03-31,EXCLUDE,OMAXE,Omaxe Ltd.
ind_prs23022021.pdf,2021-02-23,2021-03-31,EXCLUDE,ORIENTCEM,Orient Cement Ltd.
ind_prs23022021.pdf,2021-02-23,2021-03-31,EXCLUDE,PRAJIND,Praj Industries Ltd.
ind_prs23022021.pdf,2021-02-23,2021-03-31,EXCLUDE,PSPPROJECT,PSP Projects Ltd.
ind_prs23022021.pdf,2021-02-23,2021-03-31,EXCLUDE,PTC,PTC India Ltd.
ind_prs23022021.pdf,2021-02-23,2021-03-31,EXCLUDE,SOUTHBANK,South Indian Bank Ltd.
ind_prs23022021.pdf,2021-02-23,2021-03-31,EXCLUDE,SWARAJENG,Swaraj Engines Ltd.
ind_prs23022021.pdf,2021-02-23,2021-03-31,EXCLUDE,TVTODAY,TV Today Network Ltd.
ind_prs23022021.pdf,2021-02-23,2021-03-31,EXCLUDE,VRLLOG,VRL Logistics Ltd.
ind_prs23022021.pdf,2021-02-23,2021-03-31,INCLUDE,ANGELBRKG,Angel Broking Ltd.
ind_prs23022021.pdf,2021-02-23,2021-03-31,INCLUDE,ASAHIINDIA,Asahi India Glass Ltd.
ind_prs23022021.pdf,2021-02-23,2021-03-31,INCLUDE,BALAMINES,Balaji Amines Ltd.
ind_prs23022021.pdf,2021-02-23,2021-03-31,INCLUDE,CAMS,Computer Age Management Services Ltd.
ind_prs23022021.pdf,2021-02-23,2021-03-31,INCLUDE,HAPPSTMNDS,Happiest Minds Technologies Ltd.
ind_prs23022021.pdf,2021-02-23,2021-03-31,INCLUDE,HEMIPROP,Hemisphere Properties India Ltd.
ind_prs23022021.pdf,2021-02-23,2021-03-31,INCLUDE,ICIL,Indo Count Industries Ltd.
ind_prs23022021.pdf,2021-02-23,2021-03-31,INCLUDE,INTELLECT,Intellect Design Arena Ltd.
ind_prs23022021.pdf,2021-02-23,2021-03-31,INCLUDE,KPITTECH,KPIT Technologies Ltd.
ind_prs23022021.pdf,2021-02-23,2021-03-31,INCLUDE,KPRMILL,K.P.R. Mill Ltd.
ind_prs23022021.pdf,2021-02-23,2021-03-31,INCLUDE,MAXHEALTH,Max Healthcare Institute Ltd.
ind_prs23022021.pdf,2021-02-23,2021-03-31,INCLUDE,MAZDOCK,Mazagoan Dock Shipbuilders Ltd.
ind_prs23022021.pdf,2021-02-23,2021-03-31,INCLUDE,PRINCEPIPE,Prince Pipes and Fittings Ltd.
ind_prs23022021.pdf,2021-02-23,2021-03-31,INCLUDE,RESPONIND,Responsive Industries Ltd.
ind_prs23022021.pdf,2021-02-23,2021-03-31,INCLUDE,ROSSARI,Rossari Biotech Ltd.
ind_prs23022021.pdf,2021-02-23,2021-03-31,INCLUDE,ROUTE,Route Mobile Ltd.
ind_prs23022021.pdf,2021-02-23,2021-03-31,INCLUDE,SHARDACROP,Sharda Cropchem Ltd.
ind_prs23022021.pdf,2021-02-23,2021-03-31,INCLUDE,SPANDANA,Spandana Sphoorty Financial Ltd.
ind_prs23022021.pdf,2021-02-23,2021-03-31,INCLUDE,SUNCLAYLTD,Sundaram Clayton Ltd.
ind_prs23022021.pdf,2021-02-23,2021-03-31,INCLUDE,TANLA,Tanla Platforms Ltd.
ind_prs23022021.pdf,2021-02-23,2021-03-31,INCLUDE,TRITURBINE,Triveni Turbine Ltd.
ind_prs23022021.pdf,2021-02-23,2021-03-31,INCLUDE,UTIAMC,UTI Asset Management Company Ltd.
ind_prs23022021.pdf,2021-02-23,2021-03-31,INCLUDE,VALIANTORG,Valiant Organics Ltd.
ind_prs23022021.pdf,2021-02-23,2021-03-31,INCLUDE,VEDL,Vedanta Ltd.
ind_prs22042021.pdf,2021-04-22,2021-04-29,EXCLUDE,GHCL,GHCL Ltd.
ind_prs22042021.pdf,2021-04-22,2021-04-29,EXCLUDE,TATASTLBSL,Tata Steel BSL Ltd.
ind_prs22042021.pdf,2021-04-22,2021-04-29,INCLUDE,BURGERKING,Burger King India Ltd.
ind_prs22042021.pdf,2021-04-22,2021-04-29,INCLUDE,INFIBEAM,Infibeam Avenues Ltd.
ind_prs15062021.pdf,2021-06-15,2021-06-30,EXCLUDE,MOTHERSUMI,Motherson Sumi Systems Ltd.
ind_prs15062021.pdf,2021-06-15,2021-06-30,INCLUDE,GLAND,Gland Pharma Ltd.
ind_prs15092021.pdf,2021-09-15,2021-09-30,EXCLUDE,AKZOINDIA,Akzo Nobel India Ltd.
ind_prs15092021.pdf,2021-09-15,2021-09-30,EXCLUDE,BALMLAWRIE,Balmer Lawrie & Co. Ltd.
ind_prs15092021.pdf,2021-09-15,2021-09-30,EXCLUDE,BLISSGVS,Bliss GVS Pharma Ltd.
ind_prs15092021.pdf,2021-09-15,2021-09-30,EXCLUDE,DCAL,Dishman Carbogen Amcis Ltd.
ind_prs15092021.pdf,2021-09-15,2021-09-30,EXCLUDE,DISHTV,Dish TV India Ltd.
ind_prs15092021.pdf,2021-09-15,2021-09-30,EXCLUDE,FCONSUMER,Future Consumer Ltd.
ind_prs15092021.pdf,2021-09-15,2021-09-30,EXCLUDE,GEPIL,GE Power India Ltd.
ind_prs15092021.pdf,2021-09-15,2021-09-30,EXCLUDE,GRSE,Garden Reach Shipbuilders & Engineers Ltd.
ind_prs15092021.pdf,2021-09-15,2021-09-30,EXCLUDE,GULFOILLUB,Gulf Oil Lubricants India Ltd.
ind_prs15092021.pdf,2021-09-15,2021-09-30,EXCLUDE,HSCL,Himadri Speciality Chemical Ltd.
ind_prs15092021.pdf,2021-09-15,2021-09-30,EXCLUDE,HUHTAMAKI,Huhtamaki India Ltd.
ind_prs15092021.pdf,2021-09-15,2021-09-30,EXCLUDE,JTEKTINDIA,JTEKT India Ltd.
ind_prs15092021.pdf,2021-09-15,2021-09-30,EXCLUDE,MAHSCOOTER,Maharashtra Scooters Ltd.
ind_prs15092021.pdf,2021-09-15,2021-09-30,EXCLUDE,MAHSEAMLES,Maharashtra Seamless Ltd.
ind_prs15092021.pdf,2021-09-15,2021-09-30,EXCLUDE,MASFIN,MAS Financial Services Ltd.
ind_prs15092021.pdf,2021-09-15,2021-09-30,EXCLUDE,RAYMOND,Raymond Ltd.
ind_prs15092021.pdf,2021-09-15,2021-09-30,EXCLUDE,RESPONIND,Responsive Industries Ltd.
ind_prs15092021.pdf,2021-09-15,2021-09-30,EXCLUDE,SHOPERSTOP,Shoppers Stop Ltd.
ind_prs15092021.pdf,2021-09-15,2021-09-30,EXCLUDE,SUNCLAYLTD,Sundaram Clayton Ltd.
ind_prs15092021.pdf,2021-09-15,2021-09-30,EXCLUDE,SWANENERGY,Swan Energy Ltd.
ind_prs15092021.pdf,2021-09-15,2021-09-30,EXCLUDE,TATAINVEST,Tata Investment Corporation Ltd.
ind_prs15092021.pdf,2021-09-15,2021-09-30,EXCLUDE,VSTIND,VST Industries Ltd.
ind_prs15092021.pdf,2021-09-15,2021-09-30,INCLUDE,ANURAS,Anupam Rasayan India Ltd.
ind_prs15092021.pdf,2021-09-15,2021-09-30,INCLUDE,CGPOWER,CG Power and Industrial Solutions Ltd.
ind_prs15092021.pdf,2021-09-15,2021-09-30,INCLUDE,EQUITASBNK,Equitas Small Finance Bank Ltd.
ind_prs15092021.pdf,2021-09-15,2021-09-30,INCLUDE,FACT,Fertilisers and Chemicals Travancore Ltd.
ind_prs15092021.pdf,2021-09-15,2021-09-30,INCLUDE,HATHWAY,Hathway Cable & Datacom Ltd.
ind_prs15092021.pdf,2021-09-15,2021-09-30,INCLUDE,HGS,Hinduja Global Solutions Ltd.
ind_prs15092021.pdf,2021-09-15,2021-09-30,INCLUDE,HIKAL,Hikal Ltd.
ind_prs15092021.pdf,2021-09-15,2021-09-30,INCLUDE,HOMEFIRST,Home First Finance Company India Ltd.
ind_prs15092021.pdf,2021-09-15,2021-09-30,INCLUDE,INDIGOPNTS,Indigo Paints Ltd.
ind_prs15092021.pdf,2021-09-15,2021-09-30,INCLUDE,IRFC,Indian Railway Finance Corporation Ltd.
ind_prs15092021.pdf,2021-09-15,2021-09-30,INCLUDE,JUBLINGREA,Jubilant Ingrevia Ltd.
ind_prs15092021.pdf,2021-09-15,2021-09-30,INCLUDE,JUBLPHARMA,Jubilant Pharmova Ltd.
ind_prs15092021.pdf,2021-09-15,2021-09-30,INCLUDE,KALYANKJIL,Kalyan Jewellers India Ltd.
ind_prs15092021.pdf,2021-09-15,2021-09-30,INCLUDE,LODHA,Macrotech Developers Ltd.
ind_prs15092021.pdf,2021-09-15,2021-09-30,INCLUDE,LXCHEM,Laxmi Organic Industries Ltd.
ind_prs15092021.pdf,2021-09-15,2021-09-30,INCLUDE,MASTEK,Mastek Ltd.
ind_prs15092021.pdf,2021-09-15,2021-09-30,INCLUDE,NAZARA,Nazara Technologies Ltd.
ind_prs15092021.pdf,2021-09-15,2021-09-30,INCLUDE,POONAWALLA,Poonawalla Fincorp Ltd.
ind_prs15092021.pdf,2021-09-15,2021-09-30,INCLUDE,PRAJIND,Praj Industries Ltd.
ind_prs15092021.pdf,2021-09-15,2021-09-30,INCLUDE,RAILTEL,Railtel Corporation Of India Ltd.
ind_prs15092021.pdf,2021-09-15,2021-09-30,INCLUDE,TATASTLLP,Tata Steel Long Products Ltd.
ind_prs15092021.pdf,2021-09-15,2021-09-30,INCLUDE,TTML,Tata Teleservices (Maharashtra) Ltd.
ind_prs22102021.pdf,2021-10-22,2021-10-29,EXCLUDE,GMRINFRA,GMR Infrastructure Ltd.
ind_prs22102021.pdf,2021-10-22,2021-10-29,INCLUDE,SONACOMS,Sona BLW Precision Forgings Ltd.
ind_prs24022022_1.pdf,2022-02-24,2022-03-31,EXCLUDE,ALEMBICLTD,Alembic Ltd.
ind_prs24022022_1.pdf,2022-02-24,2022-03-31,EXCLUDE,ASHOKA,Ashoka Buildcon Ltd.
ind_prs24022022_1.pdf,2022-02-24,2022-03-31,EXCLUDE,BAJAJCON,Bajaj Consumer Care Ltd.
ind_prs24022022_1.pdf,2022-02-24,2022-03-31,EXCLUDE,BHARATRAS,Bharat Rasayan Ltd.
ind_prs24022022_1.pdf,2022-02-24,2022-03-31,EXCLUDE,CGCL,Capri Global Capital Ltd.
ind_prs24022022_1.pdf,2022-02-24,2022-03-31,EXCLUDE,DCBBANK,DCB Bank Ltd.
ind_prs24022022_1.pdf,2022-02-24,2022-03-31,EXCLUDE,DHANUKA,Dhanuka Agritech Ltd.
ind_prs24022022_1.pdf,2022-02-24,2022-03-31,EXCLUDE,FRETAIL,Future Retail Ltd.
ind_prs24022022_1.pdf,2022-02-24,2022-03-31,EXCLUDE,GILLETTE,Gillette India Ltd.
ind_prs24022022_1.pdf,2022-02-24,2022-03-31,EXCLUDE,GREAVESCOT,Greaves Cotton Ltd.
ind_prs24022022_1.pdf,2022-02-24,2022-03-31,EXCLUDE,HEIDELBERG,HeidelbergCement India Ltd.
ind_prs24022022_1.pdf,2022-02-24,2022-03-31,EXCLUDE,INGERRAND,Ingersoll Rand (India) Ltd.
ind_prs24022022_1.pdf,2022-02-24,2022-03-31,EXCLUDE,IOLCP,IOL Chem and Pharma Ltd.
ind_prs24022022_1.pdf,2022-02-24,2022-03-31,EXCLUDE,JINDALSAW,Jindal Saw Ltd.
ind_prs24022022_1.pdf,2022-02-24,2022-03-31,EXCLUDE,JKTYRE,JK Tyre & Industries Ltd.
ind_prs24022022_1.pdf,2022-02-24,2022-03-31,EXCLUDE,KSB,KSB Ltd.
ind_prs24022022_1.pdf,2022-02-24,2022-03-31,EXCLUDE,KSCL,Kaveri Seed Company Ltd.
ind_prs24022022_1.pdf,2022-02-24,2022-03-31,EXCLUDE,LAOPALA,La Opala RG Ltd.
ind_prs24022022_1.pdf,2022-02-24,2022-03-31,EXCLUDE,LEMONTREE,Lemon Tree Hotels Ltd.
ind_prs24022022_1.pdf,2022-02-24,2022-03-31,EXCLUDE,MIDHANI,Mishra Dhatu Nigam Ltd.
ind_prs24022022_1.pdf,2022-02-24,2022-03-31,EXCLUDE,MINDACORP,Minda Corporation Ltd.
ind_prs24022022_1.pdf,2022-02-24,2022-03-31,EXCLUDE,NFL,National Fertilizers Ltd.
ind_prs24022022_1.pdf,2022-02-24,2022-03-31,EXCLUDE,NILKAMAL,Nilkamal Ltd.
ind_prs24022022_1.pdf,2022-02-24,2022-03-31,EXCLUDE,SCHNEIDER,Schneider Electric Infrastructure Ltd.
ind_prs24022022_1.pdf,2022-02-24,2022-03-31,EXCLUDE,SHARDACROP,Sharda Cropchem Ltd.
ind_prs24022022_1.pdf,2022-02-24,2022-03-31,EXCLUDE,SPANDANA,Spandana Sphoorty Financial Ltd.
ind_prs24022022_1.pdf,2022-02-24,2022-03-31,EXCLUDE,STARCEMENT,Star Cement Ltd.
ind_prs24022022_1.pdf,2022-02-24,2022-03-31,EXCLUDE,TASTYBITE,Tasty Bite Eatables Ltd.
ind_prs24022022_1.pdf,2022-02-24,2022-03-31,EXCLUDE,UJJIVAN,Ujjivan Financial Services Ltd.
ind_prs24022022_1.pdf,2022-02-24,2022-03-31,EXCLUDE,UJJIVANSFB,Ujjivan Small Finance Bank Ltd.
ind_prs24022022_1.pdf,2022-02-24,2022-03-31,EXCLUDE,VALIANTORG,Valiant Organics Ltd.
ind_prs24022022_1.pdf,2022-02-24,2022-03-31,INCLUDE,ABSLAMC,Aditya Birla Sun Life AMC Ltd.
ind_prs24022022_1.pdf,2022-02-24,2022-03-31,INCLUDE,ALLCARGO,Allcargo Logistics Ltd.
ind_prs24022022_1.pdf,2022-02-24,2022-03-31,INCLUDE,APTUS,Aptus Value Housing Finance India Ltd.
ind_prs24022022_1.pdf,2022-02-24,2022-03-31,INCLUDE,BCG,Brightcom Group Ltd.
ind_prs24022022_1.pdf,2022-02-24,2022-03-31,INCLUDE,BORORENEW,Borosil Renewables Ltd.
ind_prs24022022_1.pdf,2022-02-24,2022-03-31,INCLUDE,CHEMPLASTS,Chemplast Sanmar Ltd.
ind_prs24022022_1.pdf,2022-02-24,2022-03-31,INCLUDE,CLEAN,Clean Science and Technology Ltd.
ind_prs24022022_1.pdf,2022-02-24,2022-03-31,INCLUDE,DEVYANI,Devyani International Ltd.
ind_prs24022022_1.pdf,2022-02-24,2022-03-31,INCLUDE,EASEMYTRIP,Easy Trip Planners Ltd.
ind_prs24022022_1.pdf,2022-02-24,2022-03-31,INCLUDE,GLS,Glenmark Life Sciences Ltd.
ind_prs24022022_1.pdf,2022-02-24,2022-03-31,INCLUDE,GOCOLORS,Go Fashion (India) Ltd.
ind_prs24022022_1.pdf,2022-02-24,2022-03-31,INCLUDE,GRINFRA,G R Infraprojects Ltd.
ind_prs24022022_1.pdf,2022-02-24,2022-03-31,INCLUDE,HLEGLAS,HLE Glascoat Ltd.
ind_prs24022022_1.pdf,2022-02-24,2022-03-31,INCLUDE,KIMS,Krishna Institute of Medical Sciences Ltd.
ind_prs24022022_1.pdf,2022-02-24,2022-03-31,INCLUDE,LATENTVIEW,Latent View Analytics Ltd.
ind_prs24022022_1.pdf,2022-02-24,2022-03-31,INCLUDE,MAPMYINDIA,C.E. Info Systems Ltd.
ind_prs24022022_1.pdf,2022-02-24,2022-03-31,INCLUDE,MEDPLUS,Medplus Health Services Ltd.
ind_prs24022022_1.pdf,2022-02-24,2022-03-31,INCLUDE,METROBRAND,Metro Brands Ltd.
ind_prs24022022_1.pdf,2022-02-24,2022-03-31,INCLUDE,NUVOCO,Nuvoco Vistas Corporation Ltd.
ind_prs24022022_1.pdf,2022-02-24,2022-03-31,INCLUDE,NYKAA,FSN E-Commerce Ventures Ltd.
ind_prs24022022_1.pdf,2022-02-24,2022-03-31,INCLUDE,PAYTM,One 97 Communications Ltd.
ind_prs24022022_1.pdf,2022-02-24,2022-03-31,INCLUDE,POLICYBZR,PB Fintech Ltd.
ind_prs24022022_1.pdf,2022-02-24,2022-03-31,INCLUDE,PRIVISCL,Privi Speciality Chemicals Ltd.
ind_prs24022022_1.pdf,2022-02-24,2022-03-31,INCLUDE,RENUKA,Shree Renuka Sugars Ltd.
ind_prs24022022_1.pdf,2022-02-24,2022-03-31,INCLUDE,RTNINDIA,RattanIndia Enterprises Ltd.
ind_prs24022022_1.pdf,2022-02-24,2022-03-31,INCLUDE,SAPPHIRE,Sapphire Foods India Ltd.
ind_prs24022022_1.pdf,2022-02-24,2022-03-31,INCLUDE,SAREGAMA,Saregama India Ltd
ind_prs24022022_1.pdf,2022-02-24,2022-03-31,INCLUDE,SHYAMMETL,Shyam Metalics and Energy Ltd.
ind_prs24022022_1.pdf,2022-02-24,2022-03-31,INCLUDE,STARHEALTH,Star Health and Allied Insurance Company Ltd.
ind_prs24022022_1.pdf,2022-02-24,2022-03-31,INCLUDE,TATAINVEST,Tata Investment Corporation Ltd.
ind_prs24022022_1.pdf,2022-02-24,2022-03-31,INCLUDE,VIJAYA,Vijaya Diagnostic Centre Ltd.
ind_prs24022022_1.pdf,2022-02-24,2022-03-31,INCLUDE,ZOMATO,Zomato Ltd.
ind_prs06042022.pdf,2022-04-06,2022-04-07,EXCLUDE,SUPPETRO,Supreme Petrochem Ltd.
ind_prs06042022.pdf,2022-04-06,2022-04-07,INCLUDE,MTARTECH,MTAR Technologies Ltd.
ind_prs05042022_1.pdf,2022-04-05,2022-04-12,EXCLUDE,BEML,BEML Ltd.
ind_prs05042022_1.pdf,2022-04-05,2022-04-12,INCLUDE,CGCL,Capri Global Capital Ltd.
ind_prs05042022.pdf,2022-04-05,2022-05-04,EXCLUDE,AARTIIND,Aarti Industries Ltd.
ind_prs05042022.pdf,2022-04-05,2022-05-04,INCLUDE,GMRINFRA,GMR Infrastructure Ltd.
ind_prs24052022.pdf,2022-05-24,2022-05-31,EXCLUDE,JSLHISAR,Jindal Stainless (Hisar) Ltd.
ind_prs24052022.pdf,2022-05-24,2022-05-31,INCLUDE,TRIVENI,Triveni Engineering & Industries Ltd.
ind_prs11072022.pdf,2022-07-11,2022-08-08,EXCLUDE,NMDC,NMDC Ltd.
ind_prs11072022.pdf,2022-07-11,2022-08-08,EXCLUDE,PEL,Piramal Enterprises Ltd.
ind_prs11072022.pdf,2022-07-11,2022-08-08,EXCLUDE,SHRIRAMCIT,Shriram City Union Finance Ltd.
ind_prs11072022.pdf,2022-07-11,2022-08-08,INCLUDE,CAMPUS,Campus Activewear Ltd.
ind_prs11072022.pdf,2022-07-11,2022-08-08,INCLUDE,DELHIVERY,Delhivery Ltd.
ind_prs11072022.pdf,2022-07-11,2022-08-08,INCLUDE,LICI,Life Insurance Corporation of India
ind_prs01092022.pdf,2022-09-01,2022-09-30,EXCLUDE,ADVENZYMES,Advanced Enzyme Tech Ltd.
ind_prs01092022.pdf,2022-09-01,2022-09-30,EXCLUDE,ERIS,Eris Lifesciences Ltd.
ind_prs01092022.pdf,2022-09-01,2022-09-30,EXCLUDE,GLS,Glenmark Life Sciences Ltd.
ind_prs01092022.pdf,2022-09-01,2022-09-30,EXCLUDE,HATHWAY,Hathway Cable & Datacom Ltd.
ind_prs01092022.pdf,2022-09-01,2022-09-30,EXCLUDE,HEMIPROP,Hemisphere Properties India Ltd.
ind_prs01092022.pdf,2022-09-01,2022-09-30,EXCLUDE,ICIL,Indo Count Industries Ltd.
ind_prs01092022.pdf,2022-09-01,2022-09-30,EXCLUDE,IRCON,IRCON International Ltd.
ind_prs01092022.pdf,2022-09-01,2022-09-30,EXCLUDE,MINDTREE,MindTree Ltd.*
ind_prs01092022.pdf,2022-09-01,2022-09-30,EXCLUDE,NESCO,NESCO Ltd.
ind_prs01092022.pdf,2022-09-01,2022-09-30,EXCLUDE,RAILTEL,Railtel Corporation Of India Ltd.
ind_prs01092022.pdf,2022-09-01,2022-09-30,EXCLUDE,SEQUENT,Sequent Scientific Ltd.
ind_prs01092022.pdf,2022-09-01,2022-09-30,EXCLUDE,SOLARA,Solara Active Pharma Sciences Ltd.
ind_prs01092022.pdf,2022-09-01,2022-09-30,EXCLUDE,SPICEJET,Spicejet Ltd.
ind_prs01092022.pdf,2022-09-01,2022-09-30,EXCLUDE,STAR,Strides Pharma Science Ltd.
ind_prs01092022.pdf,2022-09-01,2022-09-30,EXCLUDE,TATASTLLP,Tata Steel Long Products Ltd.
ind_prs01092022.pdf,2022-09-01,2022-09-30,EXCLUDE,UCOBANK,UCO Bank
ind_prs01092022.pdf,2022-09-01,2022-09-30,EXCLUDE,VAKRANGEE,Vakrangee Ltd.
ind_prs01092022.pdf,2022-09-01,2022-09-30,EXCLUDE,VENKEYS,Venky's (India) Ltd.
ind_prs01092022.pdf,2022-09-01,2022-09-30,INCLUDE,AETHER,Aether Industries Ltd.
ind_prs01092022.pdf,2022-09-01,2022-09-30,INCLUDE,AWL,Adani Wilmar Ltd.
ind_prs01092022.pdf,2022-09-01,2022-09-30,INCLUDE,BHARATRAS,Bharat Rasayan Ltd.
ind_prs01092022.pdf,2022-09-01,2022-09-30,INCLUDE,DEEPAKFERT,Deepak Fertilisers & Petrochemicals Corp. Ltd.
ind_prs01092022.pdf,2022-09-01,2022-09-30,INCLUDE,GREENPANEL,Greenpanel Industries Ltd.
ind_prs01092022.pdf,2022-09-01,2022-09-30,INCLUDE,JBMA,JBM Auto Ltd.
ind_prs01092022.pdf,2022-09-01,2022-09-30,INCLUDE,MAHLIFE,Mahindra Lifespace Developers Ltd.
ind_prs01092022.pdf,2022-09-01,2022-09-30,INCLUDE,MANYAVAR,Vedant Fashions Ltd.
ind_prs01092022.pdf,2022-09-01,2022-09-30,INCLUDE,MOTHERSON,Samvardhana Motherson International Ltd.
ind_prs01092022.pdf,2022-09-01,2022-09-30,INCLUDE,MSUMI,Motherson Sumi Wiring India Ltd.
ind_prs01092022.pdf,2022-09-01,2022-09-30,INCLUDE,NIITLTD,NIIT Ltd.
ind_prs01092022.pdf,2022-09-01,2022-09-30,INCLUDE,OLECTRA,Olectra Greentech Ltd.
ind_prs01092022.pdf,2022-09-01,2022-09-30,INCLUDE,PATANJALI,Patanjali Foods Ltd.
ind_prs01092022.pdf,2022-09-01,2022-09-30,INCLUDE,RAYMOND,Raymond Ltd.
ind_prs01092022.pdf,2022-09-01,2022-09-30,INCLUDE,SHARDACROP,Sharda Cropchem Ltd.
ind_prs01092022.pdf,2022-09-01,2022-09-30,INCLUDE,SWANENERGY,Swan Energy Ltd.
ind_prs01092022.pdf,2022-09-01,2022-09-30,INCLUDE,TCI,Transport Corporation of India Ltd.
ind_prs01092022.pdf,2022-09-01,2022-09-30,INCLUDE,TEJASNET,Tejas Networks Ltd.
ind_prs16092022.pdf,2022-09-16,2022-09-30,EXCLUDE,EQUITAS,Equitas Holdings Ltd.
ind_prs16092022.pdf,2022-09-16,2022-09-30,INCLUDE,SHOPERSTOP,Shoppers Stop Ltd.
ind_prs06122022.pdf,2022-12-06,2022-12-30,EXCLUDE,ALLCARGO,Allcargo Logistics Ltd.
ind_prs06122022.pdf,2022-12-06,2022-12-30,EXCLUDE,NIITLTD,NIIT Ltd.
ind_prs06122022.pdf,2022-12-06,2022-12-30,EXCLUDE,SCI,Shipping Corporation of India Ltd.
ind_prs06122022.pdf,2022-12-06,2022-12-30,INCLUDE,BEML,BEML Ltd.
ind_prs06122022.pdf,2022-12-06,2022-12-30,INCLUDE,LEMONTREE,Lemon Tree Hotels Ltd.
ind_prs06122022.pdf,2022-12-06,2022-12-30,INCLUDE,UCOBANK,UCO Bank
ind_prs22122022.pdf,2022-12-22,2022-12-30,EXCLUDE,SAREGAMA,Saregama India Ltd.
ind_prs22122022.pdf,2022-12-22,2022-12-30,INCLUDE,RAINBOW,Rainbow Childrens Medicare Ltd.
ind_prs09022023_1.pdf,2023-02-09,2023-02-17,EXCLUDE,INOXLEISUR,INOX Leisure Ltd.
ind_prs09022023_1.pdf,2023-02-09,2023-02-17,INCLUDE,PPLPHARMA,Piramal Pharma Ltd.
ind_prs17022023_1.pdf,2023-02-17,2023-03-31,EXCLUDE,ABSLAMC,Aditya Birla Sun Life AMC Ltd.
ind_prs17022023_1.pdf,2023-02-17,2023-03-31,EXCLUDE,ALOKINDS,Alok Industries Ltd.
ind_prs17022023_1.pdf,2023-02-17,2023-03-31,EXCLUDE,ASTRAZEN,AstraZenca Pharma India Ltd.
ind_prs17022023_1.pdf,2023-02-17,2023-03-31,EXCLUDE,BHARATRAS,Bharat Rasayan Ltd.
ind_prs17022023_1.pdf,2023-02-17,2023-03-31,EXCLUDE,CAPLIPOINT,Caplin Point Laboratories Ltd.
ind_prs17022023_1.pdf,2023-02-17,2023-03-31,EXCLUDE,DBL,Dilip Buildcon Ltd.
ind_prs17022023_1.pdf,2023-02-17,2023-03-31,EXCLUDE,DHANI,Dhani Services Ltd.
ind_prs17022023_1.pdf,2023-02-17,2023-03-31,EXCLUDE,HATSUN,Hatsun Agro Product Ltd.
ind_prs17022023_1.pdf,2023-02-17,2023-03-31,EXCLUDE,INDOCO,Indoco Remedies Ltd.
ind_prs17022023_1.pdf,2023-02-17,2023-03-31,EXCLUDE,MOIL,MOIL Ltd.
ind_prs17022023_1.pdf,2023-02-17,2023-03-31,EXCLUDE,PGHL,Procter & Gamble Health Ltd.
ind_prs17022023_1.pdf,2023-02-17,2023-03-31,EXCLUDE,PRIVISCL,Privi Speciality Chemicals Ltd.
ind_prs17022023_1.pdf,2023-02-17,2023-03-31,EXCLUDE,SFL,Sheela Foam Ltd.
ind_prs17022023_1.pdf,2023-02-17,2023-03-31,EXCLUDE,SHILPAMED,Shilpa Medicare Ltd.
ind_prs17022023_1.pdf,2023-02-17,2023-03-31,EXCLUDE,SIS,SIS Ltd.
ind_prs17022023_1.pdf,2023-02-17,2023-03-31,EXCLUDE,SUDARSCHEM,Sudarshan Chemical Industries Ltd.
ind_prs17022023_1.pdf,2023-02-17,2023-03-31,EXCLUDE,SYMPHONY,Symphony Ltd.
ind_prs17022023_1.pdf,2023-02-17,2023-03-31,EXCLUDE,TATACOFFEE,Tata Coffee Ltd.*
ind_prs17022023_1.pdf,2023-02-17,2023-03-31,EXCLUDE,THYROCARE,Thyrocare Technologies Ltd.
ind_prs17022023_1.pdf,2023-02-17,2023-03-31,EXCLUDE,WOCKPHARMA,Wockhardt Ltd.
ind_prs17022023_1.pdf,2023-02-17,2023-03-31,INCLUDE,AARTIIND,Aarti Industries Ltd.
ind_prs17022023_1.pdf,2023-02-17,2023-03-31,INCLUDE,ACI,Archean Chemical Industries Ltd.
ind_prs17022023_1.pdf,2023-02-17,2023-03-31,INCLUDE,ADANIPOWER,Adani Power Ltd.
ind_prs17022023_1.pdf,2023-02-17,2023-03-31,INCLUDE,APARINDS,Apar Industries Ltd.
ind_prs17022023_1.pdf,2023-02-17,2023-03-31,INCLUDE,BIKAJI,Bikaji Foods International Ltd.
ind_prs17022023_1.pdf,2023-02-17,2023-03-31,INCLUDE,BLS,BLS International Services Ltd.
ind_prs17022023_1.pdf,2023-02-17,2023-03-31,INCLUDE,CRAFTSMAN,Craftsman Automation Ltd.
ind_prs17022023_1.pdf,2023-02-17,2023-03-31,INCLUDE,DATAPATTNS,Data Patterns (India) Ltd.
ind_prs17022023_1.pdf,2023-02-17,2023-03-31,INCLUDE,FIVESTAR,Five-Star Business Finance Ltd.
ind_prs17022023_1.pdf,2023-02-17,2023-03-31,INCLUDE,INGERRAND,Ingersoll Rand (India) Ltd.
ind_prs17022023_1.pdf,2023-02-17,2023-03-31,INCLUDE,JINDWORLD,Jindal Worldwide Ltd.
ind_prs17022023_1.pdf,2023-02-17,2023-03-31,INCLUDE,KENNAMET,Kennametal India Ltd.
ind_prs17022023_1.pdf,2023-02-17,2023-03-31,INCLUDE,KFINTECH,KFin Technologies Ltd.
ind_prs17022023_1.pdf,2023-02-17,2023-03-31,INCLUDE,KSB,KSB Ltd.
ind_prs17022023_1.pdf,2023-02-17,2023-03-31,INCLUDE,MEDANTA,Global Health Ltd.
ind_prs17022023_1.pdf,2023-02-17,2023-03-31,INCLUDE,MFL,Meghmani Finechem Ltd.
ind_prs17022023_1.pdf,2023-02-17,2023-03-31,INCLUDE,NMDC,NMDC Ltd.
ind_prs17022023_1.pdf,2023-02-17,2023-03-31,INCLUDE,PEL,Piramal Enterprises Ltd.
ind_prs17022023_1.pdf,2023-02-17,2023-03-31,INCLUDE,RUSTOMJEE,Keystone Realtors Ltd.
ind_prs17022023_1.pdf,2023-02-17,2023-03-31,INCLUDE,TMB,Tamilnad Mercantile Bank Ltd.
ind_prs19042023_1.pdf,2023-04-19,2023-04-28,EXCLUDE,BAJAJELEC,Bajaj Electricals Ltd.
ind_prs19042023_1.pdf,2023-04-19,2023-04-28,EXCLUDE,EDELWEISS,Edelweiss Financial Services Ltd.
ind_prs19042023_1.pdf,2023-04-19,2023-04-28,INCLUDE,ERIS,Eris Lifesciences Ltd.
ind_prs19042023_1.pdf,2023-04-19,2023-04-28,INCLUDE,NSLNISP,NMDC Steel Ltd.
ind_prs04072023.pdf,2023-07-04,2023-07-13,EXCLUDE,HDFC,Housing Development Finance Corporation Ltd.
ind_prs04072023.pdf,2023-07-04,2023-07-13,INCLUDE,MANKIND,Mankind Pharma Ltd.
ind_prs17082023.pdf,2023-08-17,2023-09-29,EXCLUDE,BASF,BASF India Ltd.
ind_prs17082023.pdf,2023-08-17,2023-09-29,EXCLUDE,GARFIBRES,Garware Technical Fibres Ltd.
ind_prs17082023.pdf,2023-08-17,2023-09-29,EXCLUDE,GODREJAGRO,Godrej Agrovet Ltd.
ind_prs17082023.pdf,2023-08-17,2023-09-29,EXCLUDE,GREENPANEL,Greenpanel Industries Ltd.
ind_prs17082023.pdf,2023-08-17,2023-09-29,EXCLUDE,HGS,Hinduja Global Solutions Ltd.
ind_prs17082023.pdf,2023-08-17,2023-09-29,EXCLUDE,HIKAL,Hikal Ltd.
ind_prs17082023.pdf,2023-08-17,2023-09-29,EXCLUDE,IBREALEST,Indiabulls Real Estate Ltd.
ind_prs17082023.pdf,2023-08-17,2023-09-29,EXCLUDE,IFBIND,IFB Industries Ltd.
ind_prs17082023.pdf,2023-08-17,2023-09-29,EXCLUDE,JINDWORLD,Jindal Worldwide Ltd.
ind_prs17082023.pdf,2023-08-17,2023-09-29,EXCLUDE,KENNAMET,Kennametal India Ltd.
ind_prs17082023.pdf,2023-08-17,2023-09-29,EXCLUDE,MAHLOG,Mahindra Logistics Ltd.
ind_prs17082023.pdf,2023-08-17,2023-09-29,EXCLUDE,NOCIL,NOCIL Ltd.
ind_prs17082023.pdf,2023-08-17,2023-09-29,EXCLUDE,RUSTOMJEE,Keystone Realtors Ltd.
ind_prs17082023.pdf,2023-08-17,2023-09-29,EXCLUDE,TCI,Transport Corporation of India Ltd.
ind_prs17082023.pdf,2023-08-17,2023-09-29,EXCLUDE,TCIEXP,TCI Express Ltd.
ind_prs17082023.pdf,2023-08-17,2023-09-29,EXCLUDE,TCNSBRANDS,TCNS Clothing Co. Ltd.
ind_prs17082023.pdf,2023-08-17,2023-09-29,EXCLUDE,TMB,Tamilnad Mercantile Bank Ltd.
ind_prs17082023.pdf,2023-08-17,2023-09-29,EXCLUDE,UFLEX,UFLEX Ltd.
ind_prs17082023.pdf,2023-08-17,2023-09-29,INCLUDE,ALLCARGO,Allcargo Logistics Ltd.
ind_prs17082023.pdf,2023-08-17,2023-09-29,INCLUDE,ALOKINDS,Alok Industries Ltd.
ind_prs17082023.pdf,2023-08-17,2023-09-29,INCLUDE,GILLETTE,Gillette India Ltd.
ind_prs17082023.pdf,2023-08-17,2023-09-29,INCLUDE,GLS,Glenmark Life Sciences Ltd.
ind_prs17082023.pdf,2023-08-17,2023-09-29,INCLUDE,GPIL,Godawari Power & Ispat Ltd.
ind_prs17082023.pdf,2023-08-17,2023-09-29,INCLUDE,IRCON,IRCON International Ltd.
ind_prs17082023.pdf,2023-08-17,2023-09-29,INCLUDE,JINDALSAW,Jindal Saw Ltd.
ind_prs17082023.pdf,2023-08-17,2023-09-29,INCLUDE,KAYNES,Kaynes Technology India Ltd.
ind_prs17082023.pdf,2023-08-17,2023-09-29,INCLUDE,KIRLFER,Kirloskar Ferrous Industries Ltd.
ind_prs17082023.pdf,2023-08-17,2023-09-29,INCLUDE,MINDACORP,Minda Corporation Ltd.
ind_prs17082023.pdf,2023-08-17,2023-09-29,INCLUDE,PGHL,Procter & Gamble Health Ltd.
ind_prs17082023.pdf,2023-08-17,2023-09-29,INCLUDE,SAFARI,Safari Industries (India) Ltd.
ind_prs17082023.pdf,2023-08-17,2023-09-29,INCLUDE,SAREGAMA,Saregama India Ltd
ind_prs17082023.pdf,2023-08-17,2023-09-29,INCLUDE,SFL,Sheela Foam Ltd.
ind_prs17082023.pdf,2023-08-17,2023-09-29,INCLUDE,SYMPHONY,Symphony Ltd.
ind_prs17082023.pdf,2023-08-17,2023-09-29,INCLUDE,SYRMA,Syrma SGS Technology Ltd.
ind_prs17082023.pdf,2023-08-17,2023-09-29,INCLUDE,UJJIVANSFB,Ujjivan Small Finance Bank Ltd.
ind_prs17082023.pdf,2023-08-17,2023-09-29,INCLUDE,USHAMART,Usha Martin Ltd.
ind_prs17102023.pdf,2023-10-17,2023-10-26,EXCLUDE,KIRLFER,Kirloskar Ferrous Industries Ltd.
ind_prs17102023.pdf,2023-10-17,2023-10-26,INCLUDE,CONCORDBIO,Concord Biotech Ltd.
ind_prs19032024.pdf,2024-03-19,2024-03-28,CANCEL_EXCLUDE,VGUARD,V-Guard Industries Ltd.
ind_prs19032024.pdf,2024-03-19,2024-03-28,CANCEL_INCLUDE,IREDA,
ind_prs28022024.pdf,2024-02-28,2024-03-28,EXCLUDE,AARTIDRUGS,Aarti Drugs Ltd.
ind_prs28022024.pdf,2024-02-28,2024-03-28,EXCLUDE,BCG,Brightcom Group Ltd.
ind_prs28022024.pdf,2024-02-28,2024-03-28,EXCLUDE,DELTACORP,Delta Corp Ltd.
ind_prs28022024.pdf,2024-02-28,2024-03-28,EXCLUDE,EPIGRAL,Epigral Ltd.
ind_prs28022024.pdf,2024-02-28,2024-03-28,EXCLUDE,GALAXYSURF,Galaxy Surfactants Ltd.
ind_prs28022024.pdf,2024-02-28,2024-03-28,EXCLUDE,GOCOLORS,Go Fashion (India) Ltd.
ind_prs28022024.pdf,2024-02-28,2024-03-28,EXCLUDE,GRINFRA,G R Infraprojects Ltd.
ind_prs28022024.pdf,2024-02-28,2024-03-28,EXCLUDE,GUJALKALI,Gujarat Alkalies & Chemicals Ltd.
ind_prs28022024.pdf,2024-02-28,2024-03-28,EXCLUDE,HLEGLAS,HLE Glascoat Ltd.
ind_prs28022024.pdf,2024-02-28,2024-03-28,EXCLUDE,INFIBEAM,Infibeam Avenues Ltd.
ind_prs28022024.pdf,2024-02-28,2024-03-28,EXCLUDE,INGERRAND,Ingersoll Rand (India) Ltd.
ind_prs28022024.pdf,2024-02-28,2024-03-28,EXCLUDE,JAMNAAUTO,Jamna Auto Industries Ltd.
ind_prs28022024.pdf,2024-02-28,2024-03-28,EXCLUDE,LAXMIMACH,Lakshmi Machine Works Ltd.
ind_prs28022024.pdf,2024-02-28,2024-03-28,EXCLUDE,LUXIND,Lux Industries Ltd.
ind_prs28022024.pdf,2024-02-28,2024-03-28,EXCLUDE,NAZARA,Nazara Technologies Ltd.
ind_prs28022024.pdf,2024-02-28,2024-03-28,EXCLUDE,ORIENTELEC,Orient Electric Ltd.
ind_prs28022024.pdf,2024-02-28,2024-03-28,EXCLUDE,PFIZER,Pfizer Ltd.
ind_prs28022024.pdf,2024-02-28,2024-03-28,EXCLUDE,PGHL,Procter & Gamble Health Ltd.
ind_prs28022024.pdf,2024-02-28,2024-03-28,EXCLUDE,POLYPLEX,Polyplex Corporation Ltd.
ind_prs28022024.pdf,2024-02-28,2024-03-28,EXCLUDE,RAIN,Rain Industries Ltd
ind_prs28022024.pdf,2024-02-28,2024-03-28,EXCLUDE,RALLIS,Rallis India Ltd.
ind_prs28022024.pdf,2024-02-28,2024-03-28,EXCLUDE,RELAXO,Relaxo Footwears Ltd.
ind_prs28022024.pdf,2024-02-28,2024-03-28,EXCLUDE,ROSSARI,Rossari Biotech Ltd.
ind_prs28022024.pdf,2024-02-28,2024-03-28,EXCLUDE,SFL,Sheela Foam Ltd.
ind_prs28022024.pdf,2024-02-28,2024-03-28,EXCLUDE,SHARDACROP,Sharda Cropchem Ltd.
ind_prs28022024.pdf,2024-02-28,2024-03-28,EXCLUDE,SHOPERSTOP,Shoppers Stop Ltd.
ind_prs28022024.pdf,2024-02-28,2024-03-28,EXCLUDE,SUPRAJIT,Suprajit Engineering Ltd.
ind_prs28022024.pdf,2024-02-28,2024-03-28,EXCLUDE,SYMPHONY,Symphony Ltd.
ind_prs28022024.pdf,2024-02-28,2024-03-28,EXCLUDE,TEAMLEASE,Teamlease Services Ltd.
ind_prs28022024.pdf,2024-02-28,2024-03-28,EXCLUDE,TTKPRESTIG,TTK Prestige Ltd.
ind_prs28022024.pdf,2024-02-28,2024-03-28,EXCLUDE,VGUARD,V-Guard Industries Ltd.
ind_prs28022024.pdf,2024-02-28,2024-03-28,EXCLUDE,VINATIORGA,Vinati Organics Ltd.
ind_prs28022024.pdf,2024-02-28,2024-03-28,EXCLUDE,VMART,V-Mart Retail Ltd.
ind_prs28022024.pdf,2024-02-28,2024-03-28,EXCLUDE,ZYDUSWELL,Zydus Wellness Ltd.
ind_prs28022024.pdf,2024-02-28,2024-03-28,INCLUDE,ACE,Action Construction Equipment Ltd.
ind_prs28022024.pdf,2024-02-28,2024-03-28,INCLUDE,ANANDRATHI,Anand Rathi Wealth Ltd.
ind_prs28022024.pdf,2024-02-28,2024-03-28,INCLUDE,ASTRAZEN,AstraZenca Pharma India Ltd.
ind_prs28022024.pdf,2024-02-28,2024-03-28,INCLUDE,CAPLIPOINT,Caplin Point Laboratories Ltd.
ind_prs28022024.pdf,2024-02-28,2024-03-28,INCLUDE,CELLO,Cello World Ltd.
ind_prs28022024.pdf,2024-02-28,2024-03-28,INCLUDE,CHENNPETRO,Chennai Petroleum Corporation Ltd.
ind_prs28022024.pdf,2024-02-28,2024-03-28,INCLUDE,DOMS,DOMS Industries Ltd.
ind_prs28022024.pdf,2024-02-28,2024-03-28,INCLUDE,ELECON,Elecon Engineering Co. Ltd.
ind_prs28022024.pdf,2024-02-28,2024-03-28,INCLUDE,GMDCLTD,Gujarat Mineral Development Corporation Ltd.
ind_prs28022024.pdf,2024-02-28,2024-03-28,INCLUDE,GRSE,Garden Reach Shipbuilders & Engineers Ltd.
ind_prs28022024.pdf,2024-02-28,2024-03-28,INCLUDE,HAPPYFORGE,Happy Forgings Ltd.
ind_prs28022024.pdf,2024-02-28,2024-03-28,INCLUDE,HBLPOWER,HBL Power Systems Ltd.
ind_prs28022024.pdf,2024-02-28,2024-03-28,INCLUDE,HONASA,Honasa Consumer Ltd.
ind_prs28022024.pdf,2024-02-28,2024-03-28,INCLUDE,HSCL,Himadri Speciality Chemical Ltd.
ind_prs28022024.pdf,2024-02-28,2024-03-28,INCLUDE,INOXWIND,Inox Wind Ltd.
ind_prs28022024.pdf,2024-02-28,2024-03-28,INCLUDE,IREDA,Indian Renewable Energy Development Agency Ltd.
ind_prs28022024.pdf,2024-02-28,2024-03-28,INCLUDE,J&KBANK,Jammu & Kashmir Bank Ltd.
ind_prs28022024.pdf,2024-02-28,2024-03-28,INCLUDE,JAIBALAJI,Jai Balaji Industries Ltd.
ind_prs28022024.pdf,2024-02-28,2024-03-28,INCLUDE,JIOFIN,Jio Financial Services Ltd.
ind_prs28022024.pdf,2024-02-28,2024-03-28,INCLUDE,JSWINFRA,JSW Infrastructure Ltd.
ind_prs28022024.pdf,2024-02-28,2024-03-28,INCLUDE,JWL,Jupiter Wagons Ltd.
ind_prs28022024.pdf,2024-02-28,2024-03-28,INCLUDE,LLOYDSME,Lloyds Metals And Energy Ltd.
ind_prs28022024.pdf,2024-02-28,2024-03-28,INCLUDE,MAHSEAMLES,Maharashtra Seamless Ltd.
ind_prs28022024.pdf,2024-02-28,2024-03-28,INCLUDE,NUVAMA,Nuvama Wealth Management Ltd.
ind_prs28022024.pdf,2024-02-28,2024-03-28,INCLUDE,RAILTEL,Railtel Corporation Of India Ltd.
ind_prs28022024.pdf,2024-02-28,2024-03-28,INCLUDE,RKFORGE,Ramkrishna Forgings Ltd.
ind_prs28022024.pdf,2024-02-28,2024-03-28,INCLUDE,RRKABEL,R R Kabel Ltd.
ind_prs28022024.pdf,2024-02-28,2024-03-28,INCLUDE,SBFC,SBFC Finance Ltd.
ind_prs28022024.pdf,2024-02-28,2024-03-28,INCLUDE,SCHNEIDER,Schneider Electric Infrastructure Ltd.
ind_prs28022024.pdf,2024-02-28,2024-03-28,INCLUDE,SIGNATURE,Signatureglobal (India) Ltd.
ind_prs28022024.pdf,2024-02-28,2024-03-28,INCLUDE,TATATECH,Tata Technologies Ltd.
ind_prs28022024.pdf,2024-02-28,2024-03-28,INCLUDE,TITAGARH,Titagarh Rail Systems Ltd.
ind_prs28022024.pdf,2024-02-28,2024-03-28,INCLUDE,TMB,Tamilnad Mercantile Bank Ltd.
ind_prs28022024.pdf,2024-02-28,2024-03-28,INCLUDE,TVSSCS,TVS Supply Chain Solutions Ltd.
ind_prs23082024.pdf,2024-08-23,2024-09-30,EXCLUDE,AETHER,Aether Industries Ltd.
ind_prs23082024.pdf,2024-08-23,2024-09-30,EXCLUDE,ALLCARGO,Allcargo Logistics Ltd.
ind_prs23082024.pdf,2024-08-23,2024-09-30,EXCLUDE,ANURAS,Anupam Rasayan India Ltd.
ind_prs23082024.pdf,2024-08-23,2024-09-30,EXCLUDE,BORORENEW,Borosil Renewables Ltd.
ind_prs23082024.pdf,2024-08-23,2024-09-30,EXCLUDE,CSBBANK,CSB Bank Ltd.
ind_prs23082024.pdf,2024-08-23,2024-09-30,EXCLUDE,DCMSHRIRAM,DCM Shriram Ltd.
ind_prs23082024.pdf,2024-08-23,2024-09-30,EXCLUDE,EPL,EPL Ltd.
ind_prs23082024.pdf,2024-08-23,2024-09-30,EXCLUDE,FDC,FDC Ltd.
ind_prs23082024.pdf,2024-08-23,2024-09-30,EXCLUDE,GLS,Glenmark Life Sciences Ltd.
ind_prs23082024.pdf,2024-08-23,2024-09-30,EXCLUDE,GMMPFAUDLR,GMM Pfaudler Ltd.
ind_prs23082024.pdf,2024-08-23,2024-09-30,EXCLUDE,HAPPYFORGE,Happy Forgings Ltd.
ind_prs23082024.pdf,2024-08-23,2024-09-30,EXCLUDE,IDEA,Vodafone Idea Ltd.
ind_prs23082024.pdf,2024-08-23,2024-09-30,EXCLUDE,INDIGOPNTS,Indigo Paints Ltd.
ind_prs23082024.pdf,2024-08-23,2024-09-30,EXCLUDE,JAIBALAJI,Jai Balaji Industries Ltd.
ind_prs23082024.pdf,2024-08-23,2024-09-30,EXCLUDE,JKPAPER,JK Paper Ltd.
ind_prs23082024.pdf,2024-08-23,2024-09-30,EXCLUDE,KRBL,KRBL Ltd.
ind_prs23082024.pdf,2024-08-23,2024-09-30,EXCLUDE,LXCHEM,Laxmi Organic Industries Ltd.
ind_prs23082024.pdf,2024-08-23,2024-09-30,EXCLUDE,MEDPLUS,Medplus Health Services Ltd.
ind_prs23082024.pdf,2024-08-23,2024-09-30,EXCLUDE,MHRIL,Mahindra Holidays & Resorts India Ltd.
ind_prs23082024.pdf,2024-08-23,2024-09-30,EXCLUDE,MTARTECH,MTAR Technologies Ltd.
ind_prs23082024.pdf,2024-08-23,2024-09-30,EXCLUDE,PRINCEPIPE,Prince Pipes and Fittings Ltd.
ind_prs23082024.pdf,2024-08-23,2024-09-30,EXCLUDE,RBA,Restaurant Brands Asia Ltd.
ind_prs23082024.pdf,2024-08-23,2024-09-30,EXCLUDE,SAFARI,Safari Industries (India) Ltd.
ind_prs23082024.pdf,2024-08-23,2024-09-30,EXCLUDE,STLTECH,Sterlite Technologies Ltd.
ind_prs23082024.pdf,2024-08-23,2024-09-30,EXCLUDE,SUNTECK,Sunteck Realty Ltd.
ind_prs23082024.pdf,2024-08-23,2024-09-30,EXCLUDE,TMB,Tamilnad Mercantile Bank Ltd.
ind_prs23082024.pdf,2024-08-23,2024-09-30,EXCLUDE,VAIBHAVGBL,Vaibhav Global Ltd.
ind_prs23082024.pdf,2024-08-23,2024-09-30,INCLUDE,AADHARHFC,Aadhar Housing Finance Ltd.
ind_prs23082024.pdf,2024-08-23,2024-09-30,INCLUDE,ABSLAMC,Aditya Birla Sun Life AMC Ltd.
ind_prs23082024.pdf,2024-08-23,2024-09-30,INCLUDE,ANANTRAJ,Anant Raj Ltd.
ind_prs23082024.pdf,2024-08-23,2024-09-30,INCLUDE,BASF,BASF India Ltd.
ind_prs23082024.pdf,2024-08-23,2024-09-30,INCLUDE,BHARTIHEXA,Bharti Hexacom Ltd.
ind_prs23082024.pdf,2024-08-23,2024-09-30,INCLUDE,DBREALTY,Valor Estate Ltd.
ind_prs23082024.pdf,2024-08-23,2024-09-30,INCLUDE,GET&D,GE T&D India Ltd.
ind_prs23082024.pdf,2024-08-23,2024-09-30,INCLUDE,GODIGIT,Go Digit General Insurance Ltd.
ind_prs23082024.pdf,2024-08-23,2024-09-30,INCLUDE,GODREJAGRO,Godrej Agrovet Ltd.
ind_prs23082024.pdf,2024-08-23,2024-09-30,INCLUDE,GRINFRA,G R Infraprojects Ltd.
ind_prs23082024.pdf,2024-08-23,2024-09-30,INCLUDE,IFCI,IFCI Ltd.
ind_prs23082024.pdf,2024-08-23,2024-09-30,INCLUDE,INDGN,Indegene Ltd.
ind_prs23082024.pdf,2024-08-23,2024-09-30,INCLUDE,INOXINDIA,INOX India Ltd.
ind_prs23082024.pdf,2024-08-23,2024-09-30,INCLUDE,IREDA,Indian Renewable Energy Development Agency Ltd.
ind_prs23082024.pdf,2024-08-23,2024-09-30,INCLUDE,JKTYRE,JK Tyre & Industries Ltd.
ind_prs23082024.pdf,2024-08-23,2024-09-30,INCLUDE,JPPOWER,Jaiprakash Power Ventures Ltd.
ind_prs23082024.pdf,2024-08-23,2024-09-30,INCLUDE,JYOTICNC,Jyoti CNC Automation Ltd.
ind_prs23082024.pdf,2024-08-23,2024-09-30,INCLUDE,KIRLOSBROS,Kirloskar Brothers Ltd.
ind_prs23082024.pdf,2024-08-23,2024-09-30,INCLUDE,KIRLOSENG,Kirloskar Oil Eng Ltd.
ind_prs23082024.pdf,2024-08-23,2024-09-30,INCLUDE,NETWEB,Netweb Technologies India Ltd.
ind_prs23082024.pdf,2024-08-23,2024-09-30,INCLUDE,NEWGEN,Newgen Software Technologies Ltd.
ind_prs23082024.pdf,2024-08-23,2024-09-30,INCLUDE,PFIZER,Pfizer Ltd.
ind_prs23082024.pdf,2024-08-23,2024-09-30,INCLUDE,PTCIL,PTC Industries Ltd.
ind_prs23082024.pdf,2024-08-23,2024-09-30,INCLUDE,SCI,Shipping Corporation of India Ltd.
ind_prs23082024.pdf,2024-08-23,2024-09-30,INCLUDE,TBOTEK,TBO Tek Ltd.
ind_prs23082024.pdf,2024-08-23,2024-09-30,INCLUDE,TECHNOE,Techno Electric & Engineering Company Ltd.
ind_prs23082024.pdf,2024-08-23,2024-09-30,INCLUDE,VINATIORGA,Vinati Organics Ltd.
ind_prs25092024.pdf,2024-09-25,2024-09-30,CANCEL_EXCLUDE,IDEA,Vodafone Idea Ltd.
ind_prs25092024.pdf,2024-09-25,2024-09-30,EXCLUDE,PRSMJOHNSN,Prism Johnson Ltd.
ind_prs04102024.pdf,2024-10-04,2024-10-10,EXCLUDE,IDFC,IDFC Ltd.
ind_prs04102024.pdf,2024-10-04,2024-10-10,INCLUDE,EMCURE,Emcure Pharmaceuticals Ltd.
ind_prs10102024.pdf,2024-10-10,2024-10-16,EXCLUDE,TV18BRDCST,TV18 Broadcast Ltd.
ind_prs10102024.pdf,2024-10-10,2024-10-16,INCLUDE,AKUMS,Akums Drugs and Pharmaceuticals Ltd.
ind_prs17032025.pdf,2025-03-17,2025-03-21,EXCLUDE,ISEC,ICICI Securities Ltd.
ind_prs17032025.pdf,2025-03-17,2025-03-21,INCLUDE,RAYMONDLSL,Raymond Lifestyle Ltd.
ind_prs21022025.pdf,2025-02-21,2025-03-28,EXCLUDE,ACI,Archean Chemical Industries Ltd.
ind_prs21022025.pdf,2025-02-21,2025-03-28,EXCLUDE,AVANTIFEED,Avanti Feeds Ltd.
ind_prs21022025.pdf,2025-02-21,2025-03-28,EXCLUDE,BALAMINES,Balaji Amines Ltd.
ind_prs21022025.pdf,2025-02-21,2025-03-28,EXCLUDE,BIRLACORPN,Birla Corporation Ltd.
ind_prs21022025.pdf,2025-02-21,2025-03-28,EXCLUDE,CELLO,Cello World Ltd.
ind_prs21022025.pdf,2025-02-21,2025-03-28,EXCLUDE,CHEMPLASTS,Chemplast Sanmar Ltd.
ind_prs21022025.pdf,2025-02-21,2025-03-28,EXCLUDE,CIEINDIA,CIE Automotive India Ltd.
ind_prs21022025.pdf,2025-02-21,2025-03-28,EXCLUDE,EASEMYTRIP,Easy Trip Planners Ltd.
ind_prs21022025.pdf,2025-02-21,2025-03-28,EXCLUDE,EQUITASBNK,Equitas Small Finance Bank Ltd.
ind_prs21022025.pdf,2025-02-21,2025-03-28,EXCLUDE,FINEORG,Fine Organic Industries Ltd.
ind_prs21022025.pdf,2025-02-21,2025-03-28,EXCLUDE,GAEL,Gujarat Ambuja Exports Ltd.
ind_prs21022025.pdf,2025-02-21,2025-03-28,EXCLUDE,GRINDWELL,Grindwell Norton Ltd.
ind_prs21022025.pdf,2025-02-21,2025-03-28,EXCLUDE,GRINFRA,G R Infraprojects Ltd.
ind_prs21022025.pdf,2025-02-21,2025-03-28,EXCLUDE,GSFC,Gujarat State Fertilizers & Chemicals Ltd.
ind_prs21022025.pdf,2025-02-21,2025-03-28,EXCLUDE,JKLAKSHMI,JK Lakshmi Cement Ltd.
ind_prs21022025.pdf,2025-02-21,2025-03-28,EXCLUDE,KSB,KSB Ltd.
ind_prs21022025.pdf,2025-02-21,2025-03-28,EXCLUDE,MAHLIFE,Mahindra Lifespace Developers Ltd.
ind_prs21022025.pdf,2025-02-21,2025-03-28,EXCLUDE,METROBRAND,Metro Brands Ltd.
ind_prs21022025.pdf,2025-02-21,2025-03-28,EXCLUDE,NUVOCO,Nuvoco Vistas Corporation Ltd.
ind_prs21022025.pdf,2025-02-21,2025-03-28,EXCLUDE,PGHH,Procter & Gamble Hygiene & Health Care Ltd.
ind_prs21022025.pdf,2025-02-21,2025-03-28,EXCLUDE,RAJESHEXPO,Rajesh Exports Ltd.
ind_prs21022025.pdf,2025-02-21,2025-03-28,EXCLUDE,RATNAMANI,Ratnamani Metals & Tubes Ltd.
ind_prs21022025.pdf,2025-02-21,2025-03-28,EXCLUDE,SANOFI,Sanofi India Ltd.
ind_prs21022025.pdf,2025-02-21,2025-03-28,EXCLUDE,SPARC,Sun Pharma Advanced Research Company Ltd.
ind_prs21022025.pdf,2025-02-21,2025-03-28,EXCLUDE,SUNDRMFAST,Sundram Fasteners Ltd.
ind_prs21022025.pdf,2025-02-21,2025-03-28,EXCLUDE,TVSSCS,TVS Supply Chain Solutions Ltd.
ind_prs21022025.pdf,2025-02-21,2025-03-28,EXCLUDE,UJJIVANSFB,Ujjivan Small Finance Bank Ltd.
ind_prs21022025.pdf,2025-02-21,2025-03-28,EXCLUDE,VARROC,Varroc Engineering Ltd.
ind_prs21022025.pdf,2025-02-21,2025-03-28,EXCLUDE,VINATIORGA,Vinati Organics Ltd.
ind_prs21022025.pdf,2025-02-21,2025-03-28,EXCLUDE,VIPIND,V.I.P. Industries Ltd.
ind_prs21022025.pdf,2025-02-21,2025-03-28,INCLUDE,ACMESOLAR,ACME Solar Holdings Ltd.
ind_prs21022025.pdf,2025-02-21,2025-03-28,INCLUDE,AFCONS,Afcons Infrastructure Ltd.
ind_prs21022025.pdf,2025-02-21,2025-03-28,INCLUDE,AIIL,Authum Investment & Infrastructure Ltd.
ind_prs21022025.pdf,2025-02-21,2025-03-28,INCLUDE,ALIVUS,Alivus Life Sciences Ltd.
ind_prs21022025.pdf,2025-02-21,2025-03-28,INCLUDE,BAJAJHFL,Bajaj Housing Finance Ltd.
ind_prs21022025.pdf,2025-02-21,2025-03-28,INCLUDE,DCMSHRIRAM,DCM Shriram Ltd.
ind_prs21022025.pdf,2025-02-21,2025-03-28,INCLUDE,FIRSTCRY,Brainbees Solutions Ltd.
ind_prs21022025.pdf,2025-02-21,2025-03-28,INCLUDE,GRAVITA,Gravita India Ltd.
ind_prs21022025.pdf,2025-02-21,2025-03-28,INCLUDE,HYUNDAI,Hyundai Motor India Ltd.
ind_prs21022025.pdf,2025-02-21,2025-03-28,INCLUDE,IGIL,International Gemmological Institute (India) Ltd.
ind_prs21022025.pdf,2025-02-21,2025-03-28,INCLUDE,IKS,Inventurus Knowledge Solutions Ltd.
ind_prs21022025.pdf,2025-02-21,2025-03-28,INCLUDE,JSWHL,JSW Holdings Ltd.
ind_prs21022025.pdf,2025-02-21,2025-03-28,INCLUDE,LTFOODS,LT Foods Ltd.
ind_prs21022025.pdf,2025-02-21,2025-03-28,INCLUDE,NAVA,Nava Ltd.
ind_prs21022025.pdf,2025-02-21,2025-03-28,INCLUDE,NEULANDLAB,Neuland Laboratories Ltd.
ind_prs21022025.pdf,2025-02-21,2025-03-28,INCLUDE,NIVABUPA,Niva Bupa Health Insurance Company Ltd.
ind_prs21022025.pdf,2025-02-21,2025-03-28,INCLUDE,NTPCGREEN,NTPC Green Energy Ltd.
ind_prs21022025.pdf,2025-02-21,2025-03-28,INCLUDE,OLAELEC,Ola Electric Mobility Ltd.
ind_prs21022025.pdf,2025-02-21,2025-03-28,INCLUDE,PGEL,PG Electroplast Ltd.
ind_prs21022025.pdf,2025-02-21,2025-03-28,INCLUDE,PREMIERENE,Premier Energies Ltd.
ind_prs21022025.pdf,2025-02-21,2025-03-28,INCLUDE,RPOWER,Reliance Power Ltd.
ind_prs21022025.pdf,2025-02-21,2025-03-28,INCLUDE,SAGILITY,Sagility India Ltd.
ind_prs21022025.pdf,2025-02-21,2025-03-28,INCLUDE,SAILIFE,Sai Life Sciences Ltd.
ind_prs21022025.pdf,2025-02-21,2025-03-28,INCLUDE,SARDAEN,Sarda Energy and Minerals Ltd.
ind_prs21022025.pdf,2025-02-21,2025-03-28,INCLUDE,SWIGGY,Swiggy Ltd.
ind_prs21022025.pdf,2025-02-21,2025-03-28,INCLUDE,TARIL,Transformers And Rectifiers (India) Ltd.
ind_prs21022025.pdf,2025-02-21,2025-03-28,INCLUDE,VMM,Vishal Mega Mart Ltd.
ind_prs21022025.pdf,2025-02-21,2025-03-28,INCLUDE,WAAREEENER,Waaree Energies Ltd.
ind_prs21022025.pdf,2025-02-21,2025-03-28,INCLUDE,WOCKPHARMA,Wockhardt Ltd.
ind_prs21022025.pdf,2025-02-21,2025-03-28,INCLUDE,ZENTEC,Zen Technologies Ltd.
ind_prs04042025_2.pdf,2025-04-04,2025-04-11,EXCLUDE,QUESS,Quess Corp Ltd.
ind_prs04042025_2.pdf,2025-04-04,2025-04-11,INCLUDE,SUNDRMFAST,Sundram Fasteners Ltd.
ind_prs15092025_1.pdf,2025-09-15,2025-09-23,EXCLUDE,PEL,Piramal Enterprises Ltd.
ind_prs15092025_1.pdf,2025-09-15,2025-09-23,INCLUDE,RELINFRA,Reliance Infrastructure Ltd.
ind_prs22082025.pdf,2025-08-22,2025-09-30,EXCLUDE,ALIVUS,Alivus Life Sciences Ltd.
ind_prs22082025.pdf,2025-08-22,2025-09-30,EXCLUDE,GNFC,Gujarat Narmada Valley Fertilizers and Chemicals Ltd.
ind_prs22082025.pdf,2025-08-22,2025-09-30,EXCLUDE,GPPL,Gujarat Pipavav Port Ltd.
ind_prs22082025.pdf,2025-08-22,2025-09-30,EXCLUDE,JSWHL,JSW Holdings Ltd.
ind_prs22082025.pdf,2025-08-22,2025-09-30,EXCLUDE,JUSTDIAL,Justdial Ltd.
ind_prs22082025.pdf,2025-08-22,2025-09-30,EXCLUDE,KANSAINER,Kansai Nerolac Paints Ltd.
ind_prs22082025.pdf,2025-08-22,2025-09-30,EXCLUDE,KNRCON,KNR Constructions Ltd.
ind_prs22082025.pdf,2025-08-22,2025-09-30,EXCLUDE,MASTEK,Mastek Ltd.
ind_prs22082025.pdf,2025-08-22,2025-09-30,EXCLUDE,NETWORK18,Network18 Media & Investments Ltd.
ind_prs22082025.pdf,2025-08-22,2025-09-30,EXCLUDE,PNCINFRA,PNC Infratech Ltd.
ind_prs22082025.pdf,2025-08-22,2025-09-30,EXCLUDE,RAYMOND,Raymond Ltd.
ind_prs22082025.pdf,2025-08-22,2025-09-30,EXCLUDE,RAYMONDLSL,Raymond Lifestyle Ltd.
ind_prs22082025.pdf,2025-08-22,2025-09-30,EXCLUDE,RENUKA,Shree Renuka Sugars Ltd.
ind_prs22082025.pdf,2025-08-22,2025-09-30,EXCLUDE,ROUTE,Route Mobile Ltd.
ind_prs22082025.pdf,2025-08-22,2025-09-30,EXCLUDE,RTNINDIA,RattanIndia Enterprises Ltd.
ind_prs22082025.pdf,2025-08-22,2025-09-30,EXCLUDE,SWSOLAR,Sterling and Wilson Renewable Energy Ltd.
ind_prs22082025.pdf,2025-08-22,2025-09-30,EXCLUDE,TANLA,Tanla Platforms Ltd.
ind_prs22082025.pdf,2025-08-22,2025-09-30,EXCLUDE,WESTLIFE,Westlife Foodworld Ltd.
ind_prs22082025.pdf,2025-08-22,2025-09-30,INCLUDE,ABLBL,Aditya Birla Lifestyle Brands Ltd.
ind_prs22082025.pdf,2025-08-22,2025-09-30,INCLUDE,AEGISVOPAK,Aegis Vopak Terminals Ltd.
ind_prs22082025.pdf,2025-08-22,2025-09-30,INCLUDE,AGARWALEYE,Dr. Agarwal's Health Care Ltd.
ind_prs22082025.pdf,2025-08-22,2025-09-30,INCLUDE,AKZOINDIA,Akzo Nobel India Ltd.
ind_prs22082025.pdf,2025-08-22,2025-09-30,INCLUDE,ATHERENERG,Ather Energy Ltd.
ind_prs22082025.pdf,2025-08-22,2025-09-30,INCLUDE,BLUEJET,Blue Jet Healthcare Ltd.
ind_prs22082025.pdf,2025-08-22,2025-09-30,INCLUDE,CHOICEIN,Choice International Ltd.
ind_prs22082025.pdf,2025-08-22,2025-09-30,INCLUDE,ENRIN,Siemens Energy India Ltd.
ind_prs22082025.pdf,2025-08-22,2025-09-30,INCLUDE,FORCEMOT,Force Motors Ltd.
ind_prs22082025.pdf,2025-08-22,2025-09-30,INCLUDE,HEXT,Hexaware Technologies Ltd.
ind_prs22082025.pdf,2025-08-22,2025-09-30,INCLUDE,ITCHOTELS,ITC Hotels Ltd.
ind_prs22082025.pdf,2025-08-22,2025-09-30,INCLUDE,KSB,KSB Ltd.
ind_prs22082025.pdf,2025-08-22,2025-09-30,INCLUDE,MAHSCOOTER,Maharashtra Scooters Ltd.
ind_prs22082025.pdf,2025-08-22,2025-09-30,INCLUDE,NUVOCO,Nuvoco Vistas Corporation Ltd.
ind_prs22082025.pdf,2025-08-22,2025-09-30,INCLUDE,ONESOURCE,Onesource Specialty Pharma Ltd.
ind_prs22082025.pdf,2025-08-22,2025-09-30,INCLUDE,PGHH,Procter & Gamble Hygiene & Health Care Ltd.
ind_prs22082025.pdf,2025-08-22,2025-09-30,INCLUDE,THELEELA,Schloss Bangalore Ltd.
ind_prs22082025.pdf,2025-08-22,2025-09-30,INCLUDE,VENTIVE,Ventive Hospitality Ltd.
ind_prs11122025.pdf,2025-12-11,2025-12-31,EXCLUDE,SKFINDIA,SKF India Ltd.
ind_prs11122025.pdf,2025-12-11,2025-12-31,INCLUDE,JSWCEMENT,JSW Cement Ltd.
ind_prs23022026.pdf,2026-02-23,2026-03-30,EXCLUDE,AGARWALEYE,Dr. Agarwal's Health Care Ltd.
ind_prs23022026.pdf,2026-02-23,2026-03-30,EXCLUDE,AKUMS,Akums Drugs and Pharmaceuticals Ltd.
ind_prs23022026.pdf,2026-02-23,2026-03-30,EXCLUDE,ALKYLAMINE,Alkyl Amines Chemicals Ltd.
ind_prs23022026.pdf,2026-02-23,2026-03-30,EXCLUDE,ALOKINDS,Alok Industries Ltd.
ind_prs23022026.pdf,2026-02-23,2026-03-30,EXCLUDE,APLLTD,Alembic Pharmaceuticals Ltd.
ind_prs23022026.pdf,2026-02-23,2026-03-30,EXCLUDE,ASTRAZEN,AstraZenca Pharma India Ltd.
ind_prs23022026.pdf,2026-02-23,2026-03-30,EXCLUDE,BASF,BASF India Ltd.
ind_prs23022026.pdf,2026-02-23,2026-03-30,EXCLUDE,CAMPUS,Campus Activewear Ltd.
ind_prs23022026.pdf,2026-02-23,2026-03-30,EXCLUDE,CENTURYPLY,Century Plyboards (India) Ltd.
ind_prs23022026.pdf,2026-02-23,2026-03-30,EXCLUDE,CERA,Cera Sanitaryware Ltd
ind_prs23022026.pdf,2026-02-23,2026-03-30,EXCLUDE,DBREALTY,Valor Estate Ltd.
ind_prs23022026.pdf,2026-02-23,2026-03-30,EXCLUDE,FINPIPE,Finolex Industries Ltd.
ind_prs23022026.pdf,2026-02-23,2026-03-30,EXCLUDE,GODREJAGRO,Godrej Agrovet Ltd.
ind_prs23022026.pdf,2026-02-23,2026-03-30,EXCLUDE,GUJGASLTD,Gujarat Gas Ltd.
ind_prs23022026.pdf,2026-02-23,2026-03-30,EXCLUDE,HAPPSTMNDS,Happiest Minds Technologies Ltd.
ind_prs23022026.pdf,2026-02-23,2026-03-30,EXCLUDE,INOXINDIA,INOX India Ltd.
ind_prs23022026.pdf,2026-02-23,2026-03-30,EXCLUDE,JYOTHYLAB,Jyothy Labs Ltd.
ind_prs23022026.pdf,2026-02-23,2026-03-30,EXCLUDE,KIRLOSBROS,Kirloskar Brothers Ltd.
ind_prs23022026.pdf,2026-02-23,2026-03-30,EXCLUDE,KSB,KSB Ltd.
ind_prs23022026.pdf,2026-02-23,2026-03-30,EXCLUDE,MAHSCOOTER,Maharashtra Scooters Ltd.
ind_prs23022026.pdf,2026-02-23,2026-03-30,EXCLUDE,MAHSEAMLES,Maharashtra Seamless Ltd.
ind_prs23022026.pdf,2026-02-23,2026-03-30,EXCLUDE,MANYAVAR,Vedant Fashions Ltd.
ind_prs23022026.pdf,2026-02-23,2026-03-30,EXCLUDE,METROPOLIS,Metropolis Healthcare Ltd.
ind_prs23022026.pdf,2026-02-23,2026-03-30,EXCLUDE,PGHH,Procter & Gamble Hygiene & Health Care Ltd.
ind_prs23022026.pdf,2026-02-23,2026-03-30,EXCLUDE,PRAJIND,Praj Industries Ltd.
ind_prs23022026.pdf,2026-02-23,2026-03-30,EXCLUDE,RCF,Rashtriya Chemicals & Fertilizers Ltd.
ind_prs23022026.pdf,2026-02-23,2026-03-30,EXCLUDE,RELINFRA,Reliance Infrastructure Ltd.
ind_prs23022026.pdf,2026-02-23,2026-03-30,EXCLUDE,SUNDRMFAST,Sundram Fasteners Ltd.
ind_prs23022026.pdf,2026-02-23,2026-03-30,EXCLUDE,TRIVENI,Triveni Engineering & Industries Ltd.
ind_prs23022026.pdf,2026-02-23,2026-03-30,EXCLUDE,VENTIVE,Ventive Hospitality Ltd.
ind_prs23022026.pdf,2026-02-23,2026-03-30,EXCLUDE,VGUARD,V-Guard Industries Ltd.
ind_prs23022026.pdf,2026-02-23,2026-03-30,INCLUDE,ABDL,Allied Blenders and Distillers Ltd.
ind_prs23022026.pdf,2026-02-23,2026-03-30,INCLUDE,ACUTAAS,Acutaas Chemicals Ltd.
ind_prs23022026.pdf,2026-02-23,2026-03-30,INCLUDE,ANTHEM,Anthem Biosciences Ltd.
ind_prs23022026.pdf,2026-02-23,2026-03-30,INCLUDE,ANURAS,Anupam Rasayan India Ltd.
ind_prs23022026.pdf,2026-02-23,2026-03-30,INCLUDE,BELRISE,Belrise Industries Ltd.
ind_prs23022026.pdf,2026-02-23,2026-03-30,INCLUDE,CANHLIFE,Canara HSBC Life Insurance Company Ltd.
ind_prs23022026.pdf,2026-02-23,2026-03-30,INCLUDE,CARTRADE,Cartrade Tech Ltd.
ind_prs23022026.pdf,2026-02-23,2026-03-30,INCLUDE,CEMPRO,Cemindia Projects Ltd.
ind_prs23022026.pdf,2026-02-23,2026-03-30,INCLUDE,CPPLUS,Aditya Infotech Ltd.
ind_prs23022026.pdf,2026-02-23,2026-03-30,INCLUDE,EMMVEE,Emmvee Photovoltaic Power Ltd.
ind_prs23022026.pdf,2026-02-23,2026-03-30,INCLUDE,GABRIEL,Gabriel India Ltd.
ind_prs23022026.pdf,2026-02-23,2026-03-30,INCLUDE,GALLANTT,Gallantt Ispat Ltd.
ind_prs23022026.pdf,2026-02-23,2026-03-30,INCLUDE,GROWW,Billionbrains Garage Ventures Ltd.
ind_prs23022026.pdf,2026-02-23,2026-03-30,INCLUDE,HDBFS,HDB Financial Services Ltd.
ind_prs23022026.pdf,2026-02-23,2026-03-30,INCLUDE,ICICIAMC,ICICI Prudential Asset Management Company Ltd.
ind_prs23022026.pdf,2026-02-23,2026-03-30,INCLUDE,JAINREC,Jain Resource Recycling Ltd.
ind_prs23022026.pdf,2026-02-23,2026-03-30,INCLUDE,LENSKART,Lenskart Solutions Ltd.
ind_prs23022026.pdf,2026-02-23,2026-03-30,INCLUDE,LGEINDIA,LG Electronics India Ltd.
ind_prs23022026.pdf,2026-02-23,2026-03-30,INCLUDE,MEESHO,Meesho Ltd.
ind_prs23022026.pdf,2026-02-23,2026-03-30,INCLUDE,PARADEEP,Paradeep Phosphates Ltd.
ind_prs23022026.pdf,2026-02-23,2026-03-30,INCLUDE,PINELABS,Pine Labs Ltd.
ind_prs23022026.pdf,2026-02-23,2026-03-30,INCLUDE,PIRAMALFIN,Piramal Finance Ltd.
ind_prs23022026.pdf,2026-02-23,2026-03-30,INCLUDE,PWL,Physicswallah Ltd.
ind_prs23022026.pdf,2026-02-23,2026-03-30,INCLUDE,SPLPETRO,Supreme Petrochem Ltd.
ind_prs23022026.pdf,2026-02-23,2026-03-30,INCLUDE,TATACAP,Tata Capital Ltd.
ind_prs23022026.pdf,2026-02-23,2026-03-30,INCLUDE,TEGA,Tega Industries Ltd.
ind_prs23022026.pdf,2026-02-23,2026-03-30,INCLUDE,TENNIND,Tenneco Clean Air India Ltd.
ind_prs23022026.pdf,2026-02-23,2026-03-30,INCLUDE,TMCV,Tata Motors Ltd.
ind_prs23022026.pdf,2026-02-23,2026-03-30,INCLUDE,TRAVELFOOD,Travel Food Services Ltd.
ind_prs23022026.pdf,2026-02-23,2026-03-30,INCLUDE,URBANCO,Urban Company Ltd.
ind_prs23022026.pdf,2026-02-23,2026-03-30,INCLUDE,ZYDUSWELL,Zydus Wellness Ltd.
ind_prs04052026.pdf,2026-05-04,2026-05-12,EXCLUDE,GSPL,Gujarat State Petronet Ltd.
ind_prs04052026.pdf,2026-05-04,2026-05-12,INCLUDE,CIEINDIA,CIE Automotive India Ltd.
ind_prs13072026_1.pdf,2026-07-13,2026-07-17,EXCLUDE,JBCHEPHARM,J.B. Chemicals & Pharmaceuticals Ltd.
ind_prs13072026_1.pdf,2026-07-13,2026-07-17,INCLUDE,PFOCUS,Prime Focus Ltd.
ind_prs10082026.pdf,2026-08-10,2026-09-30,EXCLUDE,3MINDIA,3M India Ltd.
ind_prs10082026.pdf,2026-08-10,2026-09-30,EXCLUDE,ABFRL,Aditya Birla Fashion and Retail Ltd.
ind_prs10082026.pdf,2026-08-10,2026-09-30,EXCLUDE,ABLBL,Aditya Birla Lifestyle Brands Ltd.
ind_prs10082026.pdf,2026-08-10,2026-09-30,EXCLUDE,BAYERCROP,Bayer Cropscience Ltd.
ind_prs10082026.pdf,2026-08-10,2026-09-30,EXCLUDE,BBTC,Bombay Burmah Trading Corporation Ltd.
ind_prs10082026.pdf,2026-08-10,2026-09-30,EXCLUDE,BIKAJI,Bikaji Foods International Ltd.
ind_prs10082026.pdf,2026-08-10,2026-09-30,EXCLUDE,BLUEDART,Blue Dart Express Ltd.
ind_prs10082026.pdf,2026-08-10,2026-09-30,EXCLUDE,BLUEJET,Blue Jet Healthcare Ltd.
ind_prs10082026.pdf,2026-08-10,2026-09-30,EXCLUDE,CHALET,Chalet Hotels Ltd.
ind_prs10082026.pdf,2026-08-10,2026-09-30,EXCLUDE,DCMSHRIRAM,DCM Shriram Ltd.
ind_prs10082026.pdf,2026-08-10,2026-09-30,EXCLUDE,ERIS,Eris Lifesciences Ltd.
ind_prs10082026.pdf,2026-08-10,2026-09-30,EXCLUDE,GODIGIT,Go Digit General Insurance Ltd.
ind_prs10082026.pdf,2026-08-10,2026-09-30,EXCLUDE,INDGN,Indegene Ltd.
ind_prs10082026.pdf,2026-08-10,2026-09-30,EXCLUDE,JSWDULUX,JSW Dulux Ltd.
ind_prs10082026.pdf,2026-08-10,2026-09-30,EXCLUDE,JUBLPHARMA,Jubilant Pharmova Ltd.
ind_prs10082026.pdf,2026-08-10,2026-09-30,EXCLUDE,LATENTVIEW,Latent View Analytics Ltd.
ind_prs10082026.pdf,2026-08-10,2026-09-30,EXCLUDE,MAPMYINDIA,C.E. Info Systems Ltd.
ind_prs10082026.pdf,2026-08-10,2026-09-30,EXCLUDE,NEWGEN,Newgen Software Technologies Ltd.
ind_prs10082026.pdf,2026-08-10,2026-09-30,EXCLUDE,NIVABUPA,Niva Bupa Health Insurance Company Ltd.
ind_prs10082026.pdf,2026-08-10,2026-09-30,EXCLUDE,PFIZER,Pfizer Ltd.
ind_prs10082026.pdf,2026-08-10,2026-09-30,EXCLUDE,SAPPHIRE,Sapphire Foods India Ltd.
ind_prs10082026.pdf,2026-08-10,2026-09-30,EXCLUDE,SAREGAMA,Saregama India Ltd
ind_prs10082026.pdf,2026-08-10,2026-09-30,EXCLUDE,SBFC,SBFC Finance Ltd.
ind_prs10082026.pdf,2026-08-10,2026-09-30,EXCLUDE,SONATSOFTW,Sonata Software Ltd.
ind_prs10082026.pdf,2026-08-10,2026-09-30,EXCLUDE,SPLPETRO,Supreme Petrochem Ltd.
ind_prs10082026.pdf,2026-08-10,2026-09-30,EXCLUDE,THELEELA,Leela Palaces Hotels & Resorts Ltd.
ind_prs10082026.pdf,2026-08-10,2026-09-30,EXCLUDE,TRAVELFOOD,Travel Food Services Ltd.
ind_prs10082026.pdf,2026-08-10,2026-09-30,INCLUDE,AETHER,Aether Industries Ltd.
ind_prs10082026.pdf,2026-08-10,2026-09-30,INCLUDE,AVANTIFEED,Avanti Feeds Ltd.
ind_prs10082026.pdf,2026-08-10,2026-09-30,INCLUDE,AZAD,Azad Engineering Ltd.
ind_prs10082026.pdf,2026-08-10,2026-09-30,INCLUDE,BAGMANE,Bagmane Prime Office REIT
ind_prs10082026.pdf,2026-08-10,2026-09-30,INCLUDE,BBOX,Black Box Ltd.
ind_prs10082026.pdf,2026-08-10,2026-09-30,INCLUDE,BHARATCOAL,Bharat Coking Coal Ltd.
ind_prs10082026.pdf,2026-08-10,2026-09-30,INCLUDE,BIRET,Brookfield India Real Estate Trust
ind_prs10082026.pdf,2026-08-10,2026-09-30,INCLUDE,CLEANMAX,Clean Max Enviro Energy Solutions Ltd.
ind_prs10082026.pdf,2026-08-10,2026-09-30,INCLUDE,CMPDI,Central Mine Planning & Design Institute Ltd.
ind_prs10082026.pdf,2026-08-10,2026-09-30,INCLUDE,CUPID,Cupid Ltd.
ind_prs10082026.pdf,2026-08-10,2026-09-30,INCLUDE,EMBASSY,Embassy Office Parks REIT
ind_prs10082026.pdf,2026-08-10,2026-09-30,INCLUDE,FRACTAL,Fractal Analytics Ltd.
ind_prs10082026.pdf,2026-08-10,2026-09-30,INCLUDE,INOXINDIA,INOX India Ltd.
ind_prs10082026.pdf,2026-08-10,2026-09-30,INCLUDE,KIRLOSBROS,Kirloskar Brothers Ltd.
ind_prs10082026.pdf,2026-08-10,2026-09-30,INCLUDE,KSB,KSB Ltd.
ind_prs10082026.pdf,2026-08-10,2026-09-30,INCLUDE,MTARTECH,MTAR Technologies Ltd.
ind_prs10082026.pdf,2026-08-10,2026-09-30,INCLUDE,PRIVISCL,Privi Speciality Chemicals Ltd.
ind_prs10082026.pdf,2026-08-10,2026-09-30,INCLUDE,RUBICON,Rubicon Research Ltd.
ind_prs10082026.pdf,2026-08-10,2026-09-30,INCLUDE,SANSERA,Sansera Engineering Ltd.
ind_prs10082026.pdf,2026-08-10,2026-09-30,INCLUDE,SHRIPISTON,SPR Auto Technologies Ltd.
ind_prs10082026.pdf,2026-08-10,2026-09-30,INCLUDE,STLTECH,Sterlite Technologies Ltd.
ind_prs10082026.pdf,2026-08-10,2026-09-30,INCLUDE,TDPOWERSYS,TD Power Systems Ltd.
ind_prs10082026.pdf,2026-08-10,2026-09-30,INCLUDE,THANGAMAYL,Thangamayil Jewellery Ltd.
ind_prs10082026.pdf,2026-08-10,2026-09-30,INCLUDE,VAML,Vedanta Aluminium Metal Ltd.
ind_prs10082026.pdf,2026-08-10,2026-09-30,INCLUDE,VEDPOWER,Vedanta Power Ltd.
ind_prs10082026.pdf,2026-08-10,2026-09-30,INCLUDE,VISL,Vedanta Iron and Steel Ltd.
ind_prs10082026.pdf,2026-08-10,2026-09-30,INCLUDE,VOGL,Vedanta Oil and Gas Ltd.
